timestamp,date,venue,race_no,lane,bet_type,model_prob,odds,ev,bet_amount,result,payout,pnl,cumulative_pnl
2026-03-25 23:51:58,20260205,04,4,6,win,0.3512,10.2,3.582,500,LOSE,0.0,-500.0,-500.0
2026-03-25 23:51:58,20260205,04,5,2,win,0.1498,14.6,2.188,500,WIN,7300.0,6800.0,6300.0
2026-03-25 23:51:58,20260205,04,2,2,win,0.2402,5.8,1.393,500,LOSE,0.0,-500.0,5800.0
2026-03-25 23:51:58,20260205,04,1,6,win,0.0869,32.2,2.799,500,LOSE,0.0,-500.0,5300.0
2026-03-25 23:51:58,20260205,04,1,4,win,0.0598,27.6,1.651,500,LOSE,0.0,-500.0,4800.0
2026-03-25 23:51:58,20260205,04,1,1,win,0.4522,3.5,1.583,500,LOSE,0.0,-500.0,4300.0
2026-03-25 23:51:58,20260205,04,8,2,win,0.2101,12.7,2.668,500,LOSE,0.0,-500.0,3800.0
2026-03-25 23:51:58,20260205,04,9,5,win,0.0856,15.3,1.309,500,WIN,7650.0,7150.0,10950.0
2026-03-25 23:51:58,20260205,04,9,4,win,0.2884,6.6,1.904,500,LOSE,0.0,-500.0,10450.0
2026-03-25 23:51:58,20260205,04,7,1,win,0.4525,5.2,2.353,500,LOSE,0.0,-500.0,9950.0
2026-03-25 23:51:58,20260205,04,7,6,win,0.05,45.2,2.259,500,LOSE,0.0,-500.0,9450.0
2026-03-25 23:51:58,20260206,04,9,5,win,0.2391,9.0,2.152,500,LOSE,0.0,-500.0,8950.0
2026-03-25 23:51:58,20260206,04,9,4,win,0.1561,9.8,1.529,500,LOSE,0.0,-500.0,8450.0
2026-03-25 23:51:58,20260206,04,9,1,win,0.3588,5.1,1.83,500,LOSE,0.0,-500.0,7950.0
2026-03-25 23:51:58,20260206,04,8,2,win,0.1494,13.7,2.047,500,LOSE,0.0,-500.0,7450.0
2026-03-25 23:51:58,20260206,04,10,2,win,0.0279,59.2,1.65,500,LOSE,0.0,-500.0,6950.0
2026-03-25 23:51:58,20260206,04,10,3,win,0.423,5.1,2.158,500,LOSE,0.0,-500.0,6450.0
2026-03-25 23:51:58,20260206,04,11,5,win,0.3323,4.0,1.329,500,WIN,2000.0,1500.0,7950.0
2026-03-25 23:51:58,20260206,04,11,3,win,0.1197,15.1,1.807,500,LOSE,0.0,-500.0,7450.0
2026-03-25 23:51:58,20260206,04,11,2,win,0.0957,13.5,1.291,500,LOSE,0.0,-500.0,6950.0
2026-03-25 23:51:58,20260206,04,6,6,win,0.0235,81.7,1.916,500,LOSE,0.0,-500.0,6450.0
2026-03-25 23:51:58,20260206,04,3,4,win,0.0234,87.1,2.041,500,LOSE,0.0,-500.0,5950.0
2026-03-25 23:51:58,20260206,04,3,3,win,0.084,31.7,2.663,500,LOSE,0.0,-500.0,5450.0
2026-03-25 23:51:58,20260206,04,3,1,win,0.3964,5.4,2.141,500,WIN,2700.0,2200.0,7650.0
2026-03-25 23:51:58,20260206,04,1,6,win,0.0984,57.3,5.64,500,LOSE,0.0,-500.0,7150.0
2026-03-25 23:51:58,20260206,04,1,3,win,0.0555,28.6,1.588,500,LOSE,0.0,-500.0,6650.0
2026-03-25 23:51:58,20260207,04,7,6,win,0.0314,151.5,4.753,500,LOSE,0.0,-500.0,6150.0
2026-03-25 23:51:58,20260207,04,9,3,win,0.2794,10.2,2.85,500,LOSE,0.0,-500.0,5650.0
2026-03-25 23:51:58,20260207,04,8,2,win,0.3221,5.1,1.643,500,LOSE,0.0,-500.0,5150.0
2026-03-25 23:51:58,20260207,04,8,1,win,0.4469,2.8,1.251,500,WIN,1400.0,900.0,6050.0
2026-03-25 23:51:58,20260207,04,12,1,win,0.4525,2.9,1.312,500,WIN,1450.0,950.0,7000.0
2026-03-25 23:51:58,20260207,04,6,4,win,0.2462,6.0,1.477,500,LOSE,0.0,-500.0,6500.0
2026-03-25 23:51:58,20260207,04,3,2,win,0.3093,11.8,3.65,500,LOSE,0.0,-500.0,6000.0
2026-03-25 23:51:58,20260207,04,3,1,win,0.2688,4.8,1.29,500,LOSE,0.0,-500.0,5500.0
2026-03-25 23:51:58,20260207,04,2,4,win,0.1381,10.9,1.505,500,WIN,5450.0,4950.0,10450.0
2026-03-25 23:51:58,20260207,04,2,2,win,0.2944,7.8,2.297,500,LOSE,0.0,-500.0,9950.0
2026-03-25 23:51:58,20260207,04,1,6,win,0.2072,14.5,3.004,500,WIN,7250.0,6750.0,16700.0
2026-03-25 23:51:58,20260207,04,5,5,win,0.0745,18.9,1.407,500,LOSE,0.0,-500.0,16200.0
2026-03-25 23:51:58,20260207,04,5,4,win,0.329,6.7,2.205,500,WIN,3350.0,2850.0,19050.0
2026-03-25 23:51:58,20260212,04,9,2,win,0.2558,6.2,1.586,500,LOSE,0.0,-500.0,18550.0
2026-03-25 23:51:58,20260212,04,8,5,win,0.0453,37.6,1.702,500,LOSE,0.0,-500.0,18050.0
2026-03-25 23:51:58,20260212,04,7,4,win,0.1568,12.8,2.007,500,LOSE,0.0,-500.0,17550.0
2026-03-25 23:51:58,20260212,04,7,1,win,0.4427,3.6,1.594,500,LOSE,0.0,-500.0,17050.0
2026-03-25 23:51:58,20260212,04,10,4,win,0.1299,30.1,3.909,500,LOSE,0.0,-500.0,16550.0
2026-03-25 23:51:58,20260212,04,10,3,win,0.137,9.7,1.329,500,LOSE,0.0,-500.0,16050.0
2026-03-25 23:51:58,20260212,04,11,5,win,0.105,14.4,1.512,500,LOSE,0.0,-500.0,15550.0
2026-03-25 23:51:58,20260212,04,6,4,win,0.4277,3.5,1.497,500,WIN,1750.0,1250.0,16800.0
2026-03-25 23:51:58,20260212,04,3,1,win,0.5826,2.3,1.34,500,WIN,1150.0,650.0,17450.0
2026-03-25 23:51:58,20260212,04,1,6,win,0.0987,15.1,1.49,500,LOSE,0.0,-500.0,16950.0
2026-03-25 23:51:58,20260212,04,1,4,win,0.3547,4.2,1.49,500,LOSE,0.0,-500.0,16450.0
2026-03-25 23:51:58,20260212,04,4,2,win,0.3576,4.8,1.717,500,LOSE,0.0,-500.0,15950.0
2026-03-25 23:51:58,20260212,04,5,4,win,0.2342,6.2,1.452,500,WIN,3100.0,2600.0,18550.0
2026-03-25 23:51:59,20260213,04,9,3,win,0.3413,4.4,1.502,500,LOSE,0.0,-500.0,18050.0
2026-03-25 23:51:59,20260213,04,9,2,win,0.3665,3.9,1.429,500,WIN,1950.0,1450.0,19500.0
2026-03-25 23:51:59,20260213,04,8,4,win,0.3028,6.2,1.877,500,LOSE,0.0,-500.0,19000.0
2026-03-25 23:51:59,20260213,04,7,1,win,0.5219,2.7,1.409,500,WIN,1350.0,850.0,19850.0
2026-03-25 23:51:59,20260213,04,10,5,win,0.0579,30.1,1.743,500,LOSE,0.0,-500.0,19350.0
2026-03-25 23:51:59,20260213,04,3,1,win,0.2929,5.5,1.611,500,LOSE,0.0,-500.0,18850.0
2026-03-25 23:51:59,20260213,04,1,1,win,0.1938,7.3,1.415,500,LOSE,0.0,-500.0,18350.0
2026-03-25 23:51:59,20260213,04,4,4,win,0.1461,8.6,1.257,500,WIN,4300.0,3800.0,22150.0
2026-03-25 23:51:59,20260214,04,9,5,win,0.0645,28.6,1.846,500,LOSE,0.0,-500.0,21650.0
2026-03-25 23:51:59,20260214,04,9,1,win,0.4337,3.3,1.431,500,LOSE,0.0,-500.0,21150.0
2026-03-25 23:51:59,20260214,04,8,4,win,0.3478,7.8,2.713,500,LOSE,0.0,-500.0,20650.0
2026-03-25 23:51:59,20260214,04,7,4,win,0.1961,9.9,1.942,500,LOSE,0.0,-500.0,20150.0
2026-03-25 23:51:59,20260214,04,7,3,win,0.328,4.6,1.509,500,LOSE,0.0,-500.0,19650.0
2026-03-25 23:51:59,20260214,04,12,2,win,0.1623,8.0,1.298,500,LOSE,0.0,-500.0,19150.0
2026-03-25 23:51:59,20260214,04,6,3,win,0.0882,27.9,2.461,500,LOSE,0.0,-500.0,18650.0
2026-03-25 23:51:59,20260214,04,3,2,win,0.5884,2.3,1.353,500,LOSE,0.0,-500.0,18150.0
2026-03-25 23:51:59,20260214,04,1,5,win,0.3364,3.8,1.278,500,LOSE,0.0,-500.0,17650.0
2026-03-25 23:51:59,20260214,04,2,5,win,0.2972,9.4,2.794,500,LOSE,0.0,-500.0,17150.0
2026-03-25 23:51:59,20260214,04,2,6,win,0.0893,14.3,1.276,500,LOSE,0.0,-500.0,16650.0
2026-03-25 23:51:59,20260214,04,4,5,win,0.1922,7.0,1.345,500,LOSE,0.0,-500.0,16150.0
2026-03-25 23:51:59,20260215,04,7,1,win,0.3226,4.2,1.355,500,LOSE,0.0,-500.0,15650.0
2026-03-25 23:51:59,20260215,04,12,3,win,0.3305,5.3,1.752,500,LOSE,0.0,-500.0,15150.0
2026-03-25 23:51:59,20260215,04,10,5,win,0.1837,10.1,1.856,500,LOSE,0.0,-500.0,14650.0
2026-03-25 23:51:59,20260215,04,11,3,win,0.1913,21.6,4.132,500,LOSE,0.0,-500.0,14150.0
2026-03-25 23:51:59,20260215,04,11,2,win,0.2259,15.9,3.592,500,LOSE,0.0,-500.0,13650.0
2026-03-25 23:51:59,20260215,04,11,1,win,0.5392,2.5,1.348,500,LOSE,0.0,-500.0,13150.0
2026-03-25 23:51:59,20260215,04,6,4,win,0.498,2.8,1.394,500,LOSE,0.0,-500.0,12650.0
2026-03-25 23:51:59,20260215,04,3,4,win,0.106,16.3,1.727,500,LOSE,0.0,-500.0,12150.0
2026-03-25 23:51:59,20260215,04,1,3,win,0.1995,6.5,1.297,500,LOSE,0.0,-500.0,11650.0
2026-03-25 23:51:59,20260215,04,4,4,win,0.2564,8.1,2.077,500,LOSE,0.0,-500.0,11150.0
2026-03-25 23:51:59,20260216,04,9,2,win,0.2322,15.2,3.53,500,LOSE,0.0,-500.0,10650.0
2026-03-25 23:51:59,20260216,04,8,2,win,0.1145,11.9,1.362,500,LOSE,0.0,-500.0,10150.0
2026-03-25 23:51:59,20260216,04,7,5,win,0.0584,22.6,1.319,500,LOSE,0.0,-500.0,9650.0
2026-03-25 23:51:59,20260216,04,11,2,win,0.193,9.0,1.737,500,LOSE,0.0,-500.0,9150.0
2026-03-25 23:51:59,20260216,04,11,1,win,0.5657,2.5,1.414,500,WIN,1250.0,750.0,9900.0
2026-03-25 23:51:59,20260216,04,12,4,win,0.2442,5.9,1.441,500,LOSE,0.0,-500.0,9400.0
2026-03-25 23:51:59,20260216,04,3,1,win,0.4903,5.4,2.647,500,LOSE,0.0,-500.0,8900.0
2026-03-25 23:51:59,20260216,04,2,5,win,0.2452,8.8,2.158,500,LOSE,0.0,-500.0,8400.0
2026-03-25 23:51:59,20260216,04,4,5,win,0.2102,7.2,1.513,500,LOSE,0.0,-500.0,7900.0
2026-03-25 23:51:59,20260217,04,11,4,win,0.2406,7.1,1.709,500,WIN,3550.0,3050.0,10950.0
2026-03-25 23:51:59,20260217,04,1,5,win,0.0716,29.8,2.133,500,LOSE,0.0,-500.0,10450.0
2026-03-25 23:51:59,20260217,04,8,5,win,0.0717,42.0,3.013,500,LOSE,0.0,-500.0,9950.0
2026-03-25 23:51:59,20260217,04,8,3,win,0.1102,11.6,1.279,500,WIN,5800.0,5300.0,15250.0
2026-03-25 23:51:59,20260217,04,7,3,win,0.1328,11.7,1.554,500,LOSE,0.0,-500.0,14750.0
2026-03-25 23:51:59,20260217,04,10,3,win,0.3196,4.5,1.438,500,WIN,2250.0,1750.0,16500.0
2026-03-25 23:51:59,20260217,04,12,4,win,0.2092,6.7,1.402,500,LOSE,0.0,-500.0,16000.0
2026-03-25 23:51:59,20260217,04,12,2,win,0.1468,8.7,1.277,500,LOSE,0.0,-500.0,15500.0
2026-03-25 23:51:59,20260217,04,6,5,win,0.2005,7.6,1.524,500,LOSE,0.0,-500.0,15000.0
2026-03-25 23:51:59,20260217,04,6,1,win,0.3794,5.1,1.935,500,LOSE,0.0,-500.0,14500.0
2026-03-25 23:51:59,20260217,04,3,1,win,0.3805,4.2,1.598,500,WIN,2100.0,1600.0,16100.0
2026-03-25 23:51:59,20260217,04,2,5,win,0.2362,6.6,1.559,500,LOSE,0.0,-500.0,15600.0
2026-03-25 23:51:59,20260217,04,4,4,win,0.3704,3.9,1.444,500,WIN,1950.0,1450.0,17050.0
2026-03-25 23:51:59,20260221,04,9,5,win,0.1944,8.0,1.555,500,WIN,4000.0,3500.0,20550.0
2026-03-25 23:51:59,20260221,04,7,4,win,0.1808,7.7,1.392,500,WIN,3850.0,3350.0,23900.0
2026-03-25 23:51:59,20260221,04,7,1,win,0.5686,2.6,1.478,500,LOSE,0.0,-500.0,23400.0
2026-03-25 23:51:59,20260221,04,12,1,win,0.633,2.3,1.456,500,WIN,1150.0,650.0,24050.0
2026-03-25 23:51:59,20260221,04,11,4,win,0.131,16.9,2.214,500,LOSE,0.0,-500.0,23550.0
2026-03-25 23:51:59,20260221,04,3,1,win,0.5205,3.4,1.77,500,WIN,1700.0,1200.0,24750.0
2026-03-25 23:51:59,20260221,04,2,5,win,0.1198,16.2,1.94,500,LOSE,0.0,-500.0,24250.0
2026-03-25 23:51:59,20260221,04,1,6,win,0.0725,22.4,1.624,500,LOSE,0.0,-500.0,23750.0
2026-03-25 23:51:59,20260221,04,4,5,win,0.074,23.5,1.74,500,LOSE,0.0,-500.0,23250.0
2026-03-25 23:51:59,20260221,04,4,4,win,0.2551,6.3,1.607,500,LOSE,0.0,-500.0,22750.0
2026-03-25 23:51:59,20260222,04,8,1,win,0.6803,2.4,1.633,500,WIN,1200.0,700.0,23450.0
2026-03-25 23:51:59,20260222,04,8,2,win,0.1138,19.0,2.161,500,LOSE,0.0,-500.0,22950.0
2026-03-25 23:51:59,20260222,04,10,2,win,0.2027,7.9,1.601,500,LOSE,0.0,-500.0,22450.0
2026-03-25 23:51:59,20260222,04,12,4,win,0.1191,13.5,1.608,500,LOSE,0.0,-500.0,21950.0
2026-03-25 23:51:59,20260222,04,12,3,win,0.1184,11.1,1.315,500,WIN,5550.0,5050.0,27000.0
2026-03-25 23:51:59,20260222,04,6,5,win,0.1287,12.6,1.621,500,LOSE,0.0,-500.0,26500.0
2026-03-25 23:51:59,20260222,04,6,3,win,0.2063,6.3,1.3,500,WIN,3150.0,2650.0,29150.0
2026-03-25 23:51:59,20260222,04,6,1,win,0.2027,6.5,1.317,500,LOSE,0.0,-500.0,28650.0
2026-03-25 23:51:59,20260222,04,3,1,win,0.5615,3.3,1.853,500,LOSE,0.0,-500.0,28150.0
2026-03-25 23:51:59,20260222,04,2,1,win,0.4634,3.2,1.483,500,LOSE,0.0,-500.0,27650.0
2026-03-25 23:51:59,20260222,04,1,3,win,0.2142,8.0,1.714,500,LOSE,0.0,-500.0,27150.0
2026-03-25 23:51:59,20260222,04,4,4,win,0.1158,11.2,1.297,500,LOSE,0.0,-500.0,26650.0
2026-03-25 23:51:59,20260222,04,4,2,win,0.2066,8.9,1.839,500,LOSE,0.0,-500.0,26150.0
2026-03-25 23:51:59,20260222,04,5,3,win,0.245,8.4,2.058,500,LOSE,0.0,-500.0,25650.0
2026-03-25 23:52:00,20260223,04,9,5,win,0.1272,13.7,1.742,500,LOSE,0.0,-500.0,25150.0
2026-03-25 23:52:00,20260223,04,9,6,win,0.1395,10.2,1.423,500,WIN,5100.0,4600.0,29750.0
2026-03-25 23:52:00,20260223,04,7,1,win,0.4508,3.2,1.443,500,LOSE,0.0,-500.0,29250.0
2026-03-25 23:52:00,20260223,04,10,2,win,0.2801,4.9,1.373,500,LOSE,0.0,-500.0,28750.0
2026-03-25 23:52:00,20260223,04,10,6,win,0.0537,27.0,1.45,500,LOSE,0.0,-500.0,28250.0
2026-03-25 23:52:00,20260223,04,10,4,win,0.1231,12.5,1.538,500,LOSE,0.0,-500.0,27750.0
2026-03-25 23:52:00,20260223,04,3,5,win,0.2028,7.6,1.541,500,WIN,3800.0,3300.0,31050.0
2026-03-25 23:52:00,20260223,04,3,6,win,0.1846,7.6,1.403,500,LOSE,0.0,-500.0,30550.0
2026-03-25 23:52:00,20260223,04,2,3,win,0.1947,8.8,1.713,500,LOSE,0.0,-500.0,30050.0
2026-03-25 23:52:00,20260223,04,2,1,win,0.3958,10.0,3.958,500,LOSE,0.0,-500.0,29550.0
2026-03-25 23:52:00,20260223,04,1,1,win,0.4959,2.9,1.438,500,LOSE,0.0,-500.0,29050.0
2026-03-25 23:52:00,20260223,04,4,1,win,0.3595,3.7,1.33,500,WIN,1850.0,1350.0,30400.0
2026-03-25 23:52:00,20260223,04,5,4,win,0.2205,10.8,2.381,500,WIN,5400.0,4900.0,35300.0
2026-03-25 23:52:00,20260224,04,8,2,win,0.0793,25.0,1.983,500,LOSE,0.0,-500.0,34800.0
2026-03-25 23:52:00,20260224,04,8,1,win,0.6552,2.0,1.31,500,WIN,1000.0,500.0,35300.0
2026-03-25 23:52:00,20260224,04,9,3,win,0.0853,15.8,1.348,500,LOSE,0.0,-500.0,34800.0
2026-03-25 23:52:00,20260224,04,9,1,win,0.6617,2.5,1.654,500,WIN,1250.0,750.0,35550.0
2026-03-25 23:52:00,20260224,04,7,4,win,0.1546,8.3,1.283,500,LOSE,0.0,-500.0,35050.0
2026-03-25 23:52:00,20260224,04,7,1,win,0.4645,3.4,1.579,500,LOSE,0.0,-500.0,34550.0
2026-03-25 23:52:00,20260224,04,11,5,win,0.0726,22.1,1.604,500,LOSE,0.0,-500.0,34050.0
2026-03-25 23:52:00,20260224,04,11,3,win,0.1346,14.7,1.979,500,LOSE,0.0,-500.0,33550.0
2026-03-25 23:52:00,20260224,04,11,1,win,0.6804,2.5,1.701,500,WIN,1250.0,750.0,34300.0
2026-03-25 23:52:00,20260224,04,10,5,win,0.029,55.5,1.612,500,LOSE,0.0,-500.0,33800.0
2026-03-25 23:52:00,20260224,04,10,3,win,0.1478,9.2,1.359,500,LOSE,0.0,-500.0,33300.0
2026-03-25 23:52:00,20260224,04,10,1,win,0.7392,2.5,1.848,500,WIN,1250.0,750.0,34050.0
2026-03-25 23:52:00,20260224,04,12,3,win,0.2877,4.9,1.41,500,LOSE,0.0,-500.0,33550.0
2026-03-25 23:52:00,20260224,04,6,2,win,0.2577,6.3,1.623,500,LOSE,0.0,-500.0,33050.0
2026-03-25 23:52:00,20260224,04,6,1,win,0.5992,2.5,1.498,500,WIN,1250.0,750.0,33800.0
2026-03-25 23:52:00,20260224,04,3,1,win,0.3023,4.2,1.269,500,LOSE,0.0,-500.0,33300.0
2026-03-25 23:52:00,20260224,04,1,4,win,0.1751,10.3,1.804,500,LOSE,0.0,-500.0,32800.0
2026-03-25 23:52:00,20260224,04,5,3,win,0.1774,10.9,1.934,500,LOSE,0.0,-500.0,32300.0
2026-03-25 23:52:00,20260224,04,4,2,win,0.0698,33.0,2.303,500,LOSE,0.0,-500.0,31800.0
2026-03-25 23:52:00,20260224,04,4,1,win,0.6375,2.4,1.53,500,WIN,1200.0,700.0,32500.0
2026-03-25 23:52:00,20260225,04,9,6,win,0.0205,111.0,2.276,500,LOSE,0.0,-500.0,32000.0
2026-03-25 23:52:00,20260225,04,9,3,win,0.2137,7.4,1.582,500,LOSE,0.0,-500.0,31500.0
2026-03-25 23:52:00,20260225,04,7,2,win,0.31,4.6,1.426,500,LOSE,0.0,-500.0,31000.0
2026-03-25 23:52:00,20260225,04,7,1,win,0.4531,4.2,1.903,500,WIN,2100.0,1600.0,32600.0
2026-03-25 23:52:00,20260225,04,10,1,win,0.6257,2.5,1.564,500,LOSE,0.0,-500.0,32100.0
2026-03-25 23:52:00,20260225,04,10,3,win,0.0932,47.0,4.38,500,WIN,23500.0,23000.0,55100.0
2026-03-25 23:52:00,20260225,04,10,6,win,0.0133,141.0,1.879,500,LOSE,0.0,-500.0,54600.0
2026-03-25 23:52:00,20260225,04,10,5,win,0.0959,141.0,13.525,500,LOSE,0.0,-500.0,54100.0
2026-03-25 23:52:00,20260225,04,10,2,win,0.1221,47.0,5.74,500,LOSE,0.0,-500.0,53600.0
2026-03-25 23:52:00,20260225,04,12,3,win,0.1332,11.6,1.545,500,LOSE,0.0,-500.0,53100.0
2026-03-25 23:52:00,20260225,04,6,2,win,0.1305,9.6,1.253,500,LOSE,0.0,-500.0,52600.0
2026-03-25 23:52:00,20260225,04,3,4,win,0.396,5.2,2.059,500,WIN,2600.0,2100.0,54700.0
2026-03-25 23:52:00,20260225,04,2,6,win,0.0381,101.2,3.858,500,LOSE,0.0,-500.0,54200.0
2026-03-25 23:52:00,20260225,04,2,5,win,0.156,11.2,1.747,500,LOSE,0.0,-500.0,53700.0
2026-03-25 23:52:00,20260225,04,2,4,win,0.2345,11.2,2.626,500,WIN,5600.0,5100.0,58800.0
2026-03-25 23:52:00,20260225,04,2,2,win,0.1846,11.2,2.067,500,LOSE,0.0,-500.0,58300.0
2026-03-25 23:52:00,20260225,04,4,1,win,0.5507,2.8,1.542,500,LOSE,0.0,-500.0,57800.0
2026-03-25 23:52:00,20260225,04,4,4,win,0.2696,5.2,1.402,500,LOSE,0.0,-500.0,57300.0
2026-03-25 23:52:00,20260225,04,5,6,win,0.1124,17.0,1.911,500,LOSE,0.0,-500.0,56800.0
2026-03-25 23:52:00,20260225,04,5,2,win,0.0343,38.4,1.317,500,LOSE,0.0,-500.0,56300.0
2026-03-25 23:52:00,20260226,04,9,3,win,0.1769,8.3,1.468,500,LOSE,0.0,-500.0,55800.0
2026-03-25 23:52:00,20260226,04,9,2,win,0.123,21.4,2.632,500,LOSE,0.0,-500.0,55300.0
2026-03-25 23:52:00,20260226,04,9,1,win,0.6545,2.5,1.636,500,WIN,1250.0,750.0,56050.0
2026-03-25 23:52:00,20260226,04,8,6,win,0.1499,9.5,1.424,500,LOSE,0.0,-500.0,55550.0
2026-03-25 23:52:00,20260226,04,7,6,win,0.0274,51.7,1.418,500,LOSE,0.0,-500.0,55050.0
2026-03-25 23:52:00,20260226,04,7,2,win,0.3271,4.3,1.407,500,WIN,2150.0,1650.0,56700.0
2026-03-25 23:52:00,20260226,04,12,1,win,0.7401,2.5,1.85,500,WIN,1250.0,750.0,57450.0
2026-03-25 23:52:00,20260226,04,6,2,win,0.0926,15.8,1.464,500,LOSE,0.0,-500.0,56950.0
2026-03-25 23:52:00,20260226,04,3,1,win,0.5556,2.8,1.556,500,WIN,1400.0,900.0,57850.0
2026-03-25 23:52:00,20260226,04,2,1,win,0.5101,5.5,2.806,500,LOSE,0.0,-500.0,57350.0
2026-03-25 23:52:00,20260226,04,1,5,win,0.1733,7.9,1.369,500,LOSE,0.0,-500.0,56850.0
2026-03-25 23:52:00,20260226,04,5,5,win,0.0935,18.9,1.767,500,LOSE,0.0,-500.0,56350.0
2026-03-25 23:52:00,20260226,04,5,4,win,0.2989,4.5,1.345,500,LOSE,0.0,-500.0,55850.0
2026-03-25 23:52:00,20260302,04,9,2,win,0.2116,7.9,1.671,500,LOSE,0.0,-500.0,55350.0
2026-03-25 23:52:00,20260302,04,9,5,win,0.0921,18.1,1.668,500,LOSE,0.0,-500.0,54850.0
2026-03-25 23:52:00,20260302,04,11,2,win,0.0748,27.6,2.064,500,LOSE,0.0,-500.0,54350.0
2026-03-25 23:52:00,20260302,04,11,3,win,0.1262,18.4,2.322,500,LOSE,0.0,-500.0,53850.0
2026-03-25 23:52:00,20260302,04,12,5,win,0.1693,8.9,1.507,500,LOSE,0.0,-500.0,53350.0
2026-03-25 23:52:00,20260302,04,12,4,win,0.0971,14.5,1.408,500,LOSE,0.0,-500.0,52850.0
2026-03-25 23:52:00,20260302,04,6,6,win,0.114,11.7,1.333,500,LOSE,0.0,-500.0,52350.0
2026-03-25 23:52:00,20260302,04,6,5,win,0.1838,8.6,1.58,500,WIN,4300.0,3800.0,56150.0
2026-03-25 23:52:00,20260302,04,6,1,win,0.5749,2.7,1.552,500,LOSE,0.0,-500.0,55650.0
2026-03-25 23:52:00,20260302,04,3,4,win,0.2249,12.8,2.878,500,LOSE,0.0,-500.0,55150.0
2026-03-25 23:52:00,20260302,04,2,5,win,0.0744,25.1,1.868,500,LOSE,0.0,-500.0,54650.0
2026-03-25 23:52:00,20260302,04,2,3,win,0.336,3.8,1.277,500,LOSE,0.0,-500.0,54150.0
2026-03-25 23:52:00,20260302,04,1,4,win,0.3087,5.5,1.698,500,LOSE,0.0,-500.0,53650.0
2026-03-25 23:52:00,20260302,04,5,2,win,0.0852,18.0,1.533,500,LOSE,0.0,-500.0,53150.0
2026-03-25 23:52:00,20260302,04,5,1,win,0.777,2.5,1.942,500,LOSE,0.0,-500.0,52650.0
2026-03-25 23:52:00,20260302,04,4,3,win,0.2457,13.8,3.39,500,LOSE,0.0,-500.0,52150.0
2026-03-25 23:52:00,20260302,04,4,2,win,0.3933,4.0,1.573,500,WIN,2000.0,1500.0,53650.0
2026-03-25 23:52:00,20260303,04,9,4,win,0.1015,46.0,4.669,500,LOSE,0.0,-500.0,53150.0
2026-03-25 23:52:00,20260303,04,8,3,win,0.0719,20.2,1.452,500,LOSE,0.0,-500.0,52650.0
2026-03-25 23:52:00,20260303,04,12,5,win,0.0657,23.2,1.523,500,LOSE,0.0,-500.0,52150.0
2026-03-25 23:52:00,20260303,04,7,6,win,0.2192,8.9,1.951,500,LOSE,0.0,-500.0,51650.0
2026-03-25 23:52:00,20260303,04,7,4,win,0.0824,26.7,2.2,500,WIN,13350.0,12850.0,64500.0
2026-03-25 23:52:00,20260303,04,7,2,win,0.1296,16.0,2.073,500,LOSE,0.0,-500.0,64000.0
2026-03-25 23:52:00,20260303,04,10,4,win,0.0818,21.0,1.717,500,LOSE,0.0,-500.0,63500.0
2026-03-25 23:52:00,20260303,04,10,1,win,0.5036,3.3,1.662,500,WIN,1650.0,1150.0,64650.0
2026-03-25 23:52:00,20260303,04,11,2,win,0.0629,25.5,1.605,500,LOSE,0.0,-500.0,64150.0
2026-03-25 23:52:00,20260303,04,4,3,win,0.3456,5.7,1.97,500,LOSE,0.0,-500.0,63650.0
2026-03-25 23:52:00,20260303,04,6,6,win,0.0341,47.6,1.622,500,LOSE,0.0,-500.0,63150.0
2026-03-25 23:52:00,20260303,04,6,3,win,0.0638,31.7,2.022,500,LOSE,0.0,-500.0,62650.0
2026-03-25 23:52:00,20260303,04,3,4,win,0.3327,5.7,1.897,500,WIN,2850.0,2350.0,65000.0
2026-03-25 23:52:00,20260303,04,2,5,win,0.1864,10.3,1.92,500,LOSE,0.0,-500.0,64500.0
2026-03-25 23:52:00,20260303,04,2,1,win,0.3545,4.0,1.418,500,LOSE,0.0,-500.0,64000.0
2026-03-25 23:52:00,20260303,04,1,5,win,0.2089,7.1,1.483,500,WIN,3550.0,3050.0,67050.0
2026-03-25 23:52:00,20260303,04,1,6,win,0.1349,11.8,1.592,500,LOSE,0.0,-500.0,66550.0
2026-03-25 23:52:00,20260304,04,5,2,win,0.2681,7.7,2.064,500,LOSE,0.0,-500.0,66050.0
2026-03-25 23:52:00,20260304,04,6,1,win,0.3689,5.7,2.103,500,LOSE,0.0,-500.0,65550.0
2026-03-25 23:52:00,20260304,04,7,3,win,0.0642,20.0,1.285,500,LOSE,0.0,-500.0,65050.0
2026-03-25 23:52:00,20260304,04,4,1,win,0.3102,7.4,2.295,500,LOSE,0.0,-500.0,64550.0
2026-03-25 23:52:00,20260304,04,4,3,win,0.13,18.3,2.379,500,LOSE,0.0,-500.0,64050.0
2026-03-25 23:52:00,20260304,04,1,1,win,0.4534,6.0,2.72,500,LOSE,0.0,-500.0,63550.0
2026-03-25 23:52:00,20260304,04,2,6,win,0.163,11.6,1.891,500,LOSE,0.0,-500.0,63050.0
2026-03-25 23:52:00,20260304,04,3,1,win,0.5654,3.8,2.149,500,WIN,1900.0,1400.0,64450.0
2026-03-25 23:52:00,20260304,04,3,3,win,0.1397,15.7,2.193,500,LOSE,0.0,-500.0,63950.0
2026-03-25 23:52:01,20260305,04,8,1,win,0.5096,3.0,1.529,500,WIN,1500.0,1000.0,64950.0
2026-03-25 23:52:01,20260305,04,11,3,win,0.1684,8.4,1.415,500,LOSE,0.0,-500.0,64450.0
2026-03-25 23:52:01,20260305,04,11,1,win,0.6622,2.5,1.655,500,WIN,1250.0,750.0,65200.0
2026-03-25 23:52:01,20260305,04,12,5,win,0.044,30.5,1.342,500,LOSE,0.0,-500.0,64700.0
2026-03-25 23:52:01,20260305,04,12,3,win,0.1461,30.5,4.455,500,WIN,15250.0,14750.0,79450.0
2026-03-25 23:52:01,20260305,04,12,2,win,0.3871,9.7,3.755,500,LOSE,0.0,-500.0,78950.0
2026-03-25 23:52:01,20260305,04,12,6,win,0.0366,122.2,4.472,500,LOSE,0.0,-500.0,78450.0
2026-03-25 23:52:01,20260305,04,3,1,win,0.4624,3.5,1.618,500,LOSE,0.0,-500.0,77950.0
2026-03-25 23:52:01,20260305,04,6,2,win,0.4367,3.8,1.66,500,LOSE,0.0,-500.0,77450.0
2026-03-25 23:52:01,20260305,04,1,6,win,0.0776,26.7,2.073,500,LOSE,0.0,-500.0,76950.0
2026-03-25 23:52:01,20260305,04,4,4,win,0.1527,12.8,1.954,500,LOSE,0.0,-500.0,76450.0
2026-03-25 23:52:01,20260305,04,5,6,win,0.2269,9.2,2.087,500,LOSE,0.0,-500.0,75950.0
2026-03-25 23:52:01,20260305,04,5,5,win,0.0471,120.7,5.682,500,LOSE,0.0,-500.0,75450.0
2026-03-25 23:52:01,20260306,04,9,4,win,0.2501,8.8,2.201,500,LOSE,0.0,-500.0,74950.0
2026-03-25 23:52:01,20260306,04,9,1,win,0.512,2.5,1.28,500,WIN,1250.0,750.0,75700.0
2026-03-25 23:52:01,20260306,04,8,6,win,0.036,50.6,1.823,500,LOSE,0.0,-500.0,75200.0
2026-03-25 23:52:01,20260306,04,8,5,win,0.2384,9.2,2.194,500,LOSE,0.0,-500.0,74700.0
2026-03-25 23:52:01,20260306,04,8,3,win,0.1159,14.4,1.669,500,LOSE,0.0,-500.0,74200.0
2026-03-25 23:52:01,20260306,04,8,1,win,0.5084,2.5,1.271,500,WIN,1250.0,750.0,74950.0
2026-03-25 23:52:01,20260306,04,7,3,win,0.2767,5.0,1.383,500,LOSE,0.0,-500.0,74450.0
2026-03-25 23:52:01,20260306,04,10,3,win,0.1117,14.5,1.62,500,WIN,7250.0,6750.0,81200.0
2026-03-25 23:52:01,20260306,04,10,6,win,0.1214,23.7,2.878,500,LOSE,0.0,-500.0,80700.0
2026-03-25 23:52:01,20260306,04,10,5,win,0.0343,63.2,2.171,500,LOSE,0.0,-500.0,80200.0
2026-03-25 23:52:01,20260306,04,10,2,win,0.211,7.0,1.477,500,LOSE,0.0,-500.0,79700.0
2026-03-25 23:52:01,20260306,04,11,3,win,0.2053,6.6,1.355,500,LOSE,0.0,-500.0,79200.0
2026-03-25 23:52:01,20260306,04,3,2,win,0.126,16.0,2.016,500,WIN,8000.0,7500.0,86700.0
2026-03-25 23:52:01,20260306,04,3,5,win,0.3005,12.8,3.846,500,LOSE,0.0,-500.0,86200.0
2026-03-25 23:52:01,20260306,04,6,3,win,0.0902,18.6,1.677,500,LOSE,0.0,-500.0,85700.0
2026-03-25 23:52:01,20260306,04,4,1,win,0.7852,2.5,1.963,500,WIN,1250.0,750.0,86450.0
2026-03-25 23:52:01,20260306,04,4,2,win,0.0674,27.8,1.873,500,LOSE,0.0,-500.0,85950.0
2026-03-25 23:52:01,20260306,04,5,5,win,0.0552,23.5,1.297,500,LOSE,0.0,-500.0,85450.0
2026-03-25 23:52:01,20260309,04,9,6,win,0.1603,24.2,3.88,500,LOSE,0.0,-500.0,84950.0
2026-03-25 23:52:01,20260309,04,9,1,win,0.545,2.5,1.363,500,WIN,1250.0,750.0,85700.0
2026-03-25 23:52:01,20260309,04,8,6,win,0.078,22.0,1.716,500,LOSE,0.0,-500.0,85200.0
2026-03-25 23:52:01,20260309,04,8,5,win,0.04,33.0,1.319,500,LOSE,0.0,-500.0,84700.0
2026-03-25 23:52:01,20260309,04,8,2,win,0.0254,66.0,1.673,500,LOSE,0.0,-500.0,84200.0
2026-03-25 23:52:01,20260309,04,7,2,win,0.2808,5.7,1.601,500,LOSE,0.0,-500.0,83700.0
2026-03-25 23:52:01,20260309,04,10,3,win,0.104,15.2,1.58,500,LOSE,0.0,-500.0,83200.0
2026-03-25 23:52:01,20260309,04,6,1,win,0.4164,3.3,1.374,500,WIN,1650.0,1150.0,84350.0
2026-03-25 23:52:01,20260309,04,3,3,win,0.3994,3.4,1.358,500,WIN,1700.0,1200.0,85550.0
2026-03-25 23:52:01,20260309,04,2,5,win,0.364,5.0,1.82,500,WIN,2500.0,2000.0,87550.0
2026-03-25 23:52:01,20260309,04,2,1,win,0.2134,5.9,1.259,500,LOSE,0.0,-500.0,87050.0
2026-03-25 23:52:01,20260309,04,1,5,win,0.2242,8.5,1.905,500,LOSE,0.0,-500.0,86550.0
2026-03-25 23:52:01,20260309,04,1,2,win,0.062,21.2,1.314,500,LOSE,0.0,-500.0,86050.0
2026-03-25 23:52:01,20260309,04,5,5,win,0.0816,53.7,4.383,500,LOSE,0.0,-500.0,85550.0
2026-03-25 23:52:01,20260309,04,5,2,win,0.1527,26.8,4.093,500,LOSE,0.0,-500.0,85050.0
2026-03-25 23:52:01,20260309,04,5,1,win,0.5259,2.5,1.315,500,WIN,1250.0,750.0,85800.0
2026-03-25 23:52:01,20260309,04,5,3,win,0.216,14.6,3.154,500,LOSE,0.0,-500.0,85300.0
2026-03-25 23:52:01,20260310,04,8,3,win,0.1148,11.3,1.297,500,LOSE,0.0,-500.0,84800.0
2026-03-25 23:52:01,20260310,04,8,2,win,0.2026,12.5,2.533,500,LOSE,0.0,-500.0,84300.0
2026-03-25 23:52:01,20260310,04,7,5,win,0.1322,17.2,2.274,500,WIN,8600.0,8100.0,92400.0
2026-03-25 23:52:01,20260310,04,7,2,win,0.0595,69.0,4.104,500,LOSE,0.0,-500.0,91900.0
2026-03-25 23:52:01,20260310,04,10,3,win,0.0558,23.2,1.294,500,LOSE,0.0,-500.0,91400.0
2026-03-25 23:52:01,20260310,04,10,1,win,0.5502,2.4,1.32,500,WIN,1200.0,700.0,92100.0
2026-03-25 23:52:01,20260310,04,6,3,win,0.2132,8.2,1.748,500,LOSE,0.0,-500.0,91600.0
2026-03-25 23:52:01,20260310,04,6,1,win,0.4697,4.8,2.254,500,WIN,2400.0,1900.0,93500.0
2026-03-25 23:52:01,20260310,04,3,5,win,0.2961,7.3,2.162,500,WIN,3650.0,3150.0,96650.0
2026-03-25 23:52:01,20260310,04,2,6,win,0.1405,11.4,1.601,500,WIN,5700.0,5200.0,101850.0
2026-03-25 23:52:01,20260310,04,1,6,win,0.0106,123.7,1.312,500,LOSE,0.0,-500.0,101350.0
2026-03-25 23:52:01,20260310,04,1,1,win,0.291,4.9,1.426,500,LOSE,0.0,-500.0,100850.0
2026-03-25 23:52:01,20260311,04,9,2,win,0.359,4.5,1.616,500,LOSE,0.0,-500.0,100350.0
2026-03-25 23:52:01,20260311,04,9,6,win,0.0947,22.2,2.103,500,LOSE,0.0,-500.0,99850.0
2026-03-25 23:52:01,20260311,04,7,1,win,0.3592,6.3,2.263,500,LOSE,0.0,-500.0,99350.0
2026-03-25 23:52:01,20260311,04,11,2,win,0.243,13.1,3.183,500,LOSE,0.0,-500.0,98850.0
2026-03-25 23:52:01,20260311,04,10,1,win,0.5058,3.6,1.821,500,LOSE,0.0,-500.0,98350.0
2026-03-25 23:52:01,20260311,04,12,2,win,0.1248,13.0,1.622,500,LOSE,0.0,-500.0,97850.0
2026-03-25 23:52:01,20260311,04,2,5,win,0.0866,22.2,1.924,500,LOSE,0.0,-500.0,97350.0
2026-03-25 23:52:01,20260311,04,2,2,win,0.1601,8.3,1.329,500,LOSE,0.0,-500.0,96850.0
2026-03-25 23:52:01,20260311,04,1,5,win,0.1008,16.0,1.613,500,LOSE,0.0,-500.0,96350.0
2026-03-25 23:52:01,20260311,04,1,4,win,0.3197,10.0,3.197,500,LOSE,0.0,-500.0,95850.0
2026-03-25 23:52:01,20260311,04,4,1,win,0.4603,3.0,1.381,500,LOSE,0.0,-500.0,95350.0
2026-03-25 23:52:01,20260311,04,4,4,win,0.2086,9.8,2.044,500,WIN,4900.0,4400.0,99750.0
2026-03-25 23:52:01,20260311,04,5,4,win,0.2009,8.1,1.627,500,LOSE,0.0,-500.0,99250.0
2026-03-25 23:52:01,20260311,04,5,1,win,0.6621,2.5,1.655,500,WIN,1250.0,750.0,100000.0
2026-03-25 23:52:01,20260312,04,7,2,win,0.3583,5.6,2.007,500,LOSE,0.0,-500.0,99500.0
2026-03-25 23:52:01,20260312,04,7,3,win,0.2344,6.5,1.524,500,LOSE,0.0,-500.0,99000.0
2026-03-25 23:52:01,20260312,04,11,2,win,0.2554,6.5,1.66,500,LOSE,0.0,-500.0,98500.0
2026-03-25 23:52:01,20260312,04,10,2,win,0.1736,7.8,1.354,500,LOSE,0.0,-500.0,98000.0
2026-03-25 23:52:01,20260312,04,10,6,win,0.0235,211.5,4.962,500,LOSE,0.0,-500.0,97500.0
2026-03-25 23:52:01,20260312,04,10,5,win,0.0709,35.2,2.496,500,LOSE,0.0,-500.0,97000.0
2026-03-25 23:52:01,20260312,04,10,1,win,0.652,2.5,1.63,500,WIN,1250.0,750.0,97750.0
2026-03-25 23:52:01,20260312,04,12,5,win,0.083,24.8,2.058,500,LOSE,0.0,-500.0,97250.0
2026-03-25 23:52:01,20260312,04,12,4,win,0.0836,55.4,4.633,500,LOSE,0.0,-500.0,96750.0
2026-03-25 23:52:01,20260312,04,12,3,win,0.1173,11.4,1.337,500,LOSE,0.0,-500.0,96250.0
2026-03-25 23:52:01,20260312,04,12,1,win,0.5901,2.5,1.475,500,WIN,1250.0,750.0,97000.0
2026-03-25 23:52:01,20260312,04,12,6,win,0.0855,117.8,10.073,500,LOSE,0.0,-500.0,96500.0
2026-03-25 23:52:01,20260312,04,6,6,win,0.0997,26.6,2.651,500,LOSE,0.0,-500.0,96000.0
2026-03-25 23:52:01,20260312,04,6,5,win,0.1685,12.2,2.056,500,LOSE,0.0,-500.0,95500.0
2026-03-25 23:52:01,20260312,04,6,1,win,0.6235,2.5,1.559,500,LOSE,0.0,-500.0,95000.0
2026-03-25 23:52:01,20260312,04,2,6,win,0.0261,54.0,1.41,500,LOSE,0.0,-500.0,94500.0
2026-03-25 23:52:01,20260312,04,1,5,win,0.3321,4.2,1.395,500,LOSE,0.0,-500.0,94000.0
2026-03-25 23:52:02,20260313,04,9,4,win,0.0973,24.0,2.335,500,LOSE,0.0,-500.0,93500.0
2026-03-25 23:52:02,20260313,04,9,6,win,0.0109,156.3,1.703,500,LOSE,0.0,-500.0,93000.0
2026-03-25 23:52:02,20260313,04,8,6,win,0.016,120.0,1.915,500,LOSE,0.0,-500.0,92500.0
2026-03-25 23:52:02,20260313,04,8,4,win,0.3682,6.0,2.209,500,LOSE,0.0,-500.0,92000.0
2026-03-25 23:52:02,20260313,04,10,5,win,0.0491,31.6,1.551,500,LOSE,0.0,-500.0,91500.0
2026-03-25 23:52:02,20260313,04,11,5,win,0.071,66.1,4.691,500,LOSE,0.0,-500.0,91000.0
2026-03-25 23:52:02,20260313,04,11,4,win,0.1345,18.9,2.542,500,WIN,9450.0,8950.0,99950.0
2026-03-25 23:52:02,20260313,04,11,2,win,0.1479,10.1,1.494,500,LOSE,0.0,-500.0,99450.0
2026-03-25 23:52:02,20260313,04,11,1,win,0.5545,2.5,1.386,500,LOSE,0.0,-500.0,98950.0
2026-03-25 23:52:02,20260313,04,6,5,win,0.0234,57.0,1.331,500,LOSE,0.0,-500.0,98450.0
2026-03-25 23:52:02,20260313,04,6,4,win,0.2166,8.1,1.754,500,WIN,4050.0,3550.0,102000.0
2026-03-25 23:52:02,20260313,04,6,3,win,0.2597,5.1,1.324,500,LOSE,0.0,-500.0,101500.0
2026-03-25 23:52:02,20260313,04,6,2,win,0.0882,32.5,2.867,500,LOSE,0.0,-500.0,101000.0
2026-03-25 23:52:02,20260313,04,6,1,win,0.1586,10.8,1.713,500,LOSE,0.0,-500.0,100500.0
2026-03-25 23:52:02,20260313,04,3,1,win,0.5632,5.4,3.041,500,WIN,2700.0,2200.0,102700.0
2026-03-25 23:52:02,20260313,04,3,4,win,0.0582,28.6,1.664,500,LOSE,0.0,-500.0,102200.0
2026-03-25 23:52:02,20260313,04,2,5,win,0.0173,111.0,1.921,500,LOSE,0.0,-500.0,101700.0
2026-03-25 23:52:02,20260313,04,2,2,win,0.4171,7.0,2.919,500,LOSE,0.0,-500.0,101200.0
2026-03-25 23:52:02,20260313,04,2,1,win,0.2648,11.1,2.939,500,LOSE,0.0,-500.0,100700.0
2026-03-25 23:52:02,20260313,04,1,1,win,0.5085,2.6,1.322,500,WIN,1300.0,800.0,101500.0
2026-03-25 23:52:02,20260313,04,4,1,win,0.5281,3.2,1.69,500,WIN,1600.0,1100.0,102600.0
2026-03-25 23:52:02,20260313,04,4,4,win,0.0317,69.0,2.191,500,LOSE,0.0,-500.0,102100.0
2026-03-25 23:52:02,20260313,04,5,5,win,0.221,7.9,1.746,500,LOSE,0.0,-500.0,101600.0
2026-03-25 23:52:02,20260313,04,5,6,win,0.1361,12.9,1.756,500,LOSE,0.0,-500.0,101100.0
2026-03-25 23:52:02,20260314,04,9,3,win,0.2102,58.2,12.232,500,WIN,29100.0,28600.0,129700.0
2026-03-25 23:52:02,20260314,04,9,2,win,0.0479,38.8,1.859,500,LOSE,0.0,-500.0,129200.0
2026-03-25 23:52:02,20260314,04,9,1,win,0.5996,2.5,1.499,500,LOSE,0.0,-500.0,128700.0
2026-03-25 23:52:02,20260314,04,9,5,win,0.1059,19.4,2.054,500,LOSE,0.0,-500.0,128200.0
2026-03-25 23:52:02,20260314,04,8,3,win,0.1841,8.8,1.62,500,LOSE,0.0,-500.0,127700.0
2026-03-25 23:52:02,20260314,04,8,4,win,0.1162,24.4,2.836,500,LOSE,0.0,-500.0,127200.0
2026-03-25 23:52:02,20260314,04,11,6,win,0.0788,21.4,1.687,500,LOSE,0.0,-500.0,126700.0
2026-03-25 23:52:02,20260314,04,10,4,win,0.174,8.1,1.41,500,LOSE,0.0,-500.0,126200.0
2026-03-25 23:52:02,20260314,04,2,4,win,0.0649,23.1,1.499,500,LOSE,0.0,-500.0,125700.0
2026-03-25 23:52:02,20260314,04,2,1,win,0.502,3.7,1.857,500,WIN,1850.0,1350.0,127050.0
2026-03-25 23:52:02,20260314,04,4,3,win,0.2822,4.7,1.326,500,LOSE,0.0,-500.0,126550.0
2026-03-25 23:52:02,20260314,04,5,1,win,0.6685,2.0,1.337,500,WIN,1000.0,500.0,127050.0
2026-03-25 23:52:02,20260318,04,7,1,win,0.542,2.4,1.301,500,LOSE,0.0,-500.0,126550.0
2026-03-25 23:52:02,20260318,04,11,4,win,0.3255,5.8,1.888,500,LOSE,0.0,-500.0,126050.0
2026-03-25 23:52:02,20260318,04,11,3,win,0.1675,9.9,1.658,500,LOSE,0.0,-500.0,125550.0
2026-03-25 23:52:02,20260318,04,6,4,win,0.2379,17.0,4.043,500,LOSE,0.0,-500.0,125050.0
2026-03-25 23:52:02,20260318,04,3,3,win,0.1196,12.0,1.435,500,LOSE,0.0,-500.0,124550.0
2026-03-25 23:52:02,20260318,04,3,4,win,0.2359,5.9,1.392,500,LOSE,0.0,-500.0,124050.0
2026-03-25 23:52:02,20260318,04,3,6,win,0.0374,34.6,1.293,500,LOSE,0.0,-500.0,123550.0
2026-03-25 23:52:02,20260318,04,2,5,win,0.1436,14.8,2.125,500,LOSE,0.0,-500.0,123050.0
2026-03-25 23:52:02,20260318,04,2,4,win,0.0428,42.5,1.82,500,LOSE,0.0,-500.0,122550.0
2026-03-25 23:52:02,20260318,04,2,1,win,0.4646,9.0,4.182,500,WIN,4500.0,4000.0,126550.0
2026-03-25 23:52:02,20260318,04,2,3,win,0.3017,9.0,2.715,500,LOSE,0.0,-500.0,126050.0
2026-03-25 23:52:02,20260318,04,1,5,win,0.1567,14.0,2.194,500,LOSE,0.0,-500.0,125550.0
2026-03-25 23:52:02,20260318,04,1,1,win,0.5057,5.1,2.579,500,WIN,2550.0,2050.0,127600.0
2026-03-25 23:52:02,20260318,04,5,1,win,0.7355,1.7,1.25,500,WIN,850.0,350.0,127950.0
2026-03-25 23:52:02,20260318,04,4,6,win,0.0229,106.5,2.438,500,LOSE,0.0,-500.0,127450.0
2026-03-25 23:52:02,20260318,04,4,4,win,0.3132,4.4,1.378,500,LOSE,0.0,-500.0,126950.0
2026-03-25 23:52:02,20260318,04,4,1,win,0.3512,3.8,1.335,500,WIN,1900.0,1400.0,128350.0
2026-03-25 23:52:02,20260319,04,12,6,win,0.1223,17.2,2.103,500,LOSE,0.0,-500.0,127850.0
2026-03-25 23:52:02,20260319,04,12,5,win,0.06,129.3,7.755,500,LOSE,0.0,-500.0,127350.0
2026-03-25 23:52:02,20260319,04,12,4,win,0.0935,15.2,1.422,500,LOSE,0.0,-500.0,126850.0
2026-03-25 23:52:02,20260319,04,12,2,win,0.0559,64.6,3.609,500,LOSE,0.0,-500.0,126350.0
2026-03-25 23:52:02,20260319,04,12,1,win,0.6176,2.5,1.544,500,WIN,1250.0,750.0,127100.0
2026-03-25 23:52:02,20260319,04,10,2,win,0.2214,7.1,1.572,500,LOSE,0.0,-500.0,126600.0
2026-03-25 23:52:02,20260319,04,11,1,win,0.5716,2.4,1.372,500,WIN,1200.0,700.0,127300.0
2026-03-25 23:52:02,20260319,04,3,1,win,0.4352,2.9,1.262,500,WIN,1450.0,950.0,128250.0
2026-03-25 23:52:02,20260319,04,6,6,win,0.0755,18.1,1.366,500,LOSE,0.0,-500.0,127750.0
2026-03-25 23:52:02,20260319,04,2,1,win,0.2281,5.5,1.254,500,LOSE,0.0,-500.0,127250.0
2026-03-25 23:52:02,20260319,04,2,3,win,0.3698,6.4,2.366,500,WIN,3200.0,2700.0,129950.0
2026-03-25 23:52:02,20260319,04,1,4,win,0.1545,8.8,1.359,500,LOSE,0.0,-500.0,129450.0
2026-03-25 23:52:02,20260319,04,1,1,win,0.3222,4.0,1.289,500,LOSE,0.0,-500.0,128950.0
2026-03-25 23:52:02,20260319,04,4,5,win,0.0838,24.1,2.019,500,LOSE,0.0,-500.0,128450.0
2026-03-25 23:52:02,20260319,04,4,3,win,0.2694,4.8,1.293,500,LOSE,0.0,-500.0,127950.0
2026-03-25 23:52:02,20260319,04,5,6,win,0.0554,28.9,1.601,500,WIN,14450.0,13950.0,141900.0
2026-03-25 23:52:02,20260319,04,5,4,win,0.2357,13.1,3.088,500,LOSE,0.0,-500.0,141400.0
2026-03-25 23:52:02,20260319,04,5,3,win,0.1509,12.0,1.811,500,LOSE,0.0,-500.0,140900.0
2026-03-25 23:52:02,20260320,04,9,2,win,0.3643,3.6,1.311,500,LOSE,0.0,-500.0,140400.0
2026-03-25 23:52:02,20260320,04,7,4,win,0.3232,6.0,1.939,500,LOSE,0.0,-500.0,139900.0
2026-03-25 23:52:02,20260320,04,12,3,win,0.2408,7.4,1.782,500,LOSE,0.0,-500.0,139400.0
2026-03-25 23:52:02,20260320,04,6,5,win,0.0989,27.4,2.711,500,LOSE,0.0,-500.0,138900.0
2026-03-25 23:52:02,20260320,04,6,6,win,0.0407,49.3,2.005,500,LOSE,0.0,-500.0,138400.0
2026-03-25 23:52:02,20260320,04,3,1,win,0.3277,4.2,1.376,500,WIN,2100.0,1600.0,140000.0
2026-03-25 23:52:02,20260320,04,3,4,win,0.071,29.6,2.103,500,LOSE,0.0,-500.0,139500.0
2026-03-25 23:52:02,20260320,04,1,1,win,0.3246,4.7,1.526,500,LOSE,0.0,-500.0,139000.0
2026-03-25 23:52:02,20260320,04,4,5,win,0.1493,9.3,1.388,500,LOSE,0.0,-500.0,138500.0
2026-03-25 23:52:02,20260320,04,5,4,win,0.1083,17.1,1.851,500,WIN,8550.0,8050.0,146550.0
2026-03-25 23:52:02,20260320,04,5,2,win,0.1029,17.1,1.76,500,LOSE,0.0,-500.0,146050.0
2026-03-25 23:52:02,20260320,04,5,1,win,0.629,2.5,1.573,500,LOSE,0.0,-500.0,145550.0
2026-03-25 23:52:02,20260320,04,5,3,win,0.1363,22.8,3.107,500,LOSE,0.0,-500.0,145050.0
2026-03-25 23:52:02,20260321,04,8,2,win,0.0914,15.6,1.425,500,LOSE,0.0,-500.0,144550.0
2026-03-25 23:52:02,20260321,04,9,2,win,0.1451,18.4,2.671,500,LOSE,0.0,-500.0,144050.0
2026-03-25 23:52:02,20260321,04,9,6,win,0.1571,11.7,1.839,500,LOSE,0.0,-500.0,143550.0
2026-03-25 23:52:02,20260321,04,12,2,win,0.0814,20.2,1.645,500,LOSE,0.0,-500.0,143050.0
2026-03-25 23:52:02,20260321,04,12,5,win,0.2083,9.4,1.958,500,LOSE,0.0,-500.0,142550.0
2026-03-25 23:52:02,20260321,04,10,4,win,0.1462,12.4,1.813,500,LOSE,0.0,-500.0,142050.0
2026-03-25 23:52:02,20260321,04,10,3,win,0.1246,16.2,2.018,500,LOSE,0.0,-500.0,141550.0
2026-03-25 23:52:02,20260321,04,10,2,win,0.4023,3.4,1.368,500,WIN,1700.0,1200.0,142750.0
2026-03-25 23:52:02,20260321,04,11,4,win,0.3262,7.7,2.512,500,LOSE,0.0,-500.0,142250.0
2026-03-25 23:52:02,20260321,04,6,4,win,0.2557,15.1,3.861,500,WIN,7550.0,7050.0,149300.0
2026-03-25 23:52:02,20260321,04,6,2,win,0.1288,20.2,2.602,500,LOSE,0.0,-500.0,148800.0
2026-03-25 23:52:02,20260321,04,6,1,win,0.5621,2.5,1.405,500,LOSE,0.0,-500.0,148300.0
2026-03-25 23:52:02,20260321,04,3,6,win,0.0865,15.6,1.35,500,LOSE,0.0,-500.0,147800.0
2026-03-25 23:52:02,20260321,04,2,5,win,0.0712,30.7,2.187,500,LOSE,0.0,-500.0,147300.0
2026-03-25 23:52:02,20260321,04,1,5,win,0.2724,22.5,6.128,500,LOSE,0.0,-500.0,146800.0
2026-03-25 23:52:02,20260321,04,1,2,win,0.2407,9.4,2.263,500,LOSE,0.0,-500.0,146300.0
2026-03-25 23:52:02,20260321,04,1,6,win,0.0296,90.0,2.66,500,LOSE,0.0,-500.0,145800.0
2026-03-25 23:52:02,20260321,04,5,5,win,0.3388,5.1,1.728,500,LOSE,0.0,-500.0,145300.0
2026-03-25 23:52:02,20260321,04,4,6,win,0.0273,107.6,2.939,500,LOSE,0.0,-500.0,144800.0
2026-03-25 23:52:02,20260321,04,4,2,win,0.146,10.2,1.489,500,LOSE,0.0,-500.0,144300.0
