timestamp,funding_rate
2024-03-25 08:00:00.001000+00:00,0.00016324
2024-03-25 16:00:00+00:00,0.00028815
2024-03-26 00:00:00+00:00,0.00021963
2024-03-26 08:00:00+00:00,0.00018348
2024-03-26 16:00:00+00:00,0.00026764
2024-03-27 00:00:00+00:00,0.00028757
2024-03-27 08:00:00.001000+00:00,0.00029551
2024-03-27 16:00:00+00:00,0.00043631
2024-03-28 00:00:00+00:00,0.00024195
2024-03-28 08:00:00+00:00,0.00029899
2024-03-28 16:00:00+00:00,0.0002943
2024-03-29 00:00:00+00:00,0.0001825
2024-03-29 08:00:00+00:00,0.00025456
2024-03-29 16:00:00+00:00,0.0003017
2024-03-30 00:00:00+00:00,0.00019624
2024-03-30 08:00:00+00:00,0.00032267
2024-03-30 16:00:00+00:00,0.0003436
2024-03-31 00:00:00+00:00,0.00032351
2024-03-31 08:00:00+00:00,0.00039889
2024-03-31 16:00:00.001000+00:00,0.00040301
2024-04-01 00:00:00+00:00,0.00070161
2024-04-01 08:00:00+00:00,0.00033491
2024-04-01 16:00:00+00:00,0.00027469
2024-04-02 00:00:00.007000+00:00,0.00010926
2024-04-02 08:00:00.015000+00:00,0.0001
2024-04-02 16:00:00+00:00,0.00016456
2024-04-03 00:00:00+00:00,0.0001
2024-04-03 08:00:00+00:00,0.0001
2024-04-03 16:00:00+00:00,0.0001
2024-04-04 00:00:00+00:00,0.0001
2024-04-04 08:00:00+00:00,0.0001
2024-04-04 16:00:00+00:00,0.0001
2024-04-05 00:00:00+00:00,0.0001
2024-04-05 08:00:00+00:00,0.0001
2024-04-05 16:00:00+00:00,0.0001
2024-04-06 00:00:00+00:00,0.0001
2024-04-06 08:00:00+00:00,0.0001
2024-04-06 16:00:00+00:00,0.0001
2024-04-07 00:00:00+00:00,0.0001
2024-04-07 08:00:00+00:00,0.0001
2024-04-07 16:00:00+00:00,0.0001
2024-04-08 00:00:00.001000+00:00,0.0001
2024-04-08 08:00:00+00:00,0.0001
2024-04-08 16:00:00.006000+00:00,0.00035189
2024-04-09 00:00:00+00:00,0.00020915
2024-04-09 08:00:00.001000+00:00,0.00020603
2024-04-09 16:00:00.001000+00:00,0.00019061
2024-04-10 00:00:00+00:00,0.00011929
2024-04-10 08:00:00.001000+00:00,0.00012457
2024-04-10 16:00:00+00:00,0.0001
2024-04-11 00:00:00+00:00,0.00013979
2024-04-11 08:00:00+00:00,0.00020153
2024-04-11 16:00:00+00:00,0.00019763
2024-04-12 00:00:00+00:00,0.00011258
2024-04-12 08:00:00.001000+00:00,0.0002563
2024-04-12 16:00:00+00:00,0.00012214
2024-04-13 00:00:00+00:00,0.0001
2024-04-13 08:00:00+00:00,0.0001
2024-04-13 16:00:00.001000+00:00,0.0001
2024-04-14 00:00:00+00:00,0.0001
2024-04-14 08:00:00+00:00,0.0001
2024-04-14 16:00:00+00:00,0.0001
2024-04-15 00:00:00+00:00,0.0001
2024-04-15 08:00:00.001000+00:00,1.759e-05
2024-04-15 16:00:00+00:00,0.0001
2024-04-16 00:00:00.001000+00:00,5.953e-05
2024-04-16 08:00:00+00:00,9.525e-05
2024-04-16 16:00:00+00:00,3.513e-05
2024-04-17 00:00:00+00:00,6.375e-05
2024-04-17 08:00:00+00:00,3.574e-05
2024-04-17 16:00:00+00:00,6.534e-05
2024-04-18 00:00:00+00:00,6.937e-05
2024-04-18 08:00:00+00:00,5.982e-05
2024-04-18 16:00:00+00:00,-3.334e-05
2024-04-19 00:00:00.001000+00:00,-3.12e-05
2024-04-19 08:00:00+00:00,6.641e-05
2024-04-19 16:00:00+00:00,5.88e-05
2024-04-20 00:00:00+00:00,0.0001
2024-04-20 08:00:00+00:00,-7.66e-06
2024-04-20 16:00:00+00:00,4.204e-05
2024-04-21 00:00:00+00:00,3.186e-05
2024-04-21 08:00:00+00:00,-2.093e-05
2024-04-21 16:00:00+00:00,8.271e-05
2024-04-22 00:00:00+00:00,4.409e-05
2024-04-22 08:00:00+00:00,2.497e-05
2024-04-22 16:00:00+00:00,8.98e-06
2024-04-23 00:00:00+00:00,-1.236e-05
2024-04-23 08:00:00+00:00,5.24e-05
2024-04-23 16:00:00.001000+00:00,-1.083e-05
2024-04-24 00:00:00+00:00,1.413e-05
2024-04-24 08:00:00+00:00,5.302e-05
2024-04-24 16:00:00+00:00,7.047e-05
2024-04-25 00:00:00+00:00,7.02e-05
2024-04-25 08:00:00+00:00,4.069e-05
2024-04-25 16:00:00.010000+00:00,1.14e-05
2024-04-26 00:00:00.001000+00:00,1.709e-05
2024-04-26 08:00:00+00:00,6.85e-06
2024-04-26 16:00:00+00:00,5.562e-05
2024-04-27 00:00:00+00:00,0.0001
2024-04-27 08:00:00.001000+00:00,7.47e-05
2024-04-27 16:00:00+00:00,2.834e-05
2024-04-28 00:00:00+00:00,1.006e-05
2024-04-28 08:00:00+00:00,-2.081e-05
2024-04-28 16:00:00+00:00,2.782e-05
2024-04-29 00:00:00+00:00,2.472e-05
2024-04-29 08:00:00+00:00,5.544e-05
2024-04-29 16:00:00+00:00,6.828e-05
2024-04-30 00:00:00+00:00,9.74e-05
2024-04-30 08:00:00+00:00,9.154e-05
2024-04-30 16:00:00+00:00,0.0001
2024-05-01 00:00:00+00:00,0.0001
2024-05-01 08:00:00+00:00,8.946e-05
2024-05-01 16:00:00+00:00,9.902e-05
2024-05-02 00:00:00+00:00,6.634e-05
2024-05-02 08:00:00+00:00,6.169e-05
2024-05-02 16:00:00.002000+00:00,-1.23e-06
2024-05-03 00:00:00+00:00,-1.549e-05
2024-05-03 08:00:00+00:00,-3.764e-05
2024-05-03 16:00:00+00:00,8.091e-05
2024-05-04 00:00:00+00:00,2.703e-05
2024-05-04 08:00:00+00:00,7.455e-05
2024-05-04 16:00:00+00:00,6.265e-05
2024-05-05 00:00:00+00:00,6.906e-05
2024-05-05 08:00:00+00:00,6.47e-06
2024-05-05 16:00:00+00:00,3.893e-05
2024-05-06 00:00:00+00:00,6.02e-06
2024-05-06 08:00:00+00:00,-1.031e-05
2024-05-06 16:00:00+00:00,7.746e-05
2024-05-07 00:00:00+00:00,6.064e-05
2024-05-07 08:00:00+00:00,1.581e-05
2024-05-07 16:00:00+00:00,9.028e-05
2024-05-08 00:00:00+00:00,4.891e-05
2024-05-08 08:00:00+00:00,5.553e-05
2024-05-08 16:00:00+00:00,9.292e-05
2024-05-09 00:00:00+00:00,5.648e-05
2024-05-09 08:00:00+00:00,3.315e-05
2024-05-09 16:00:00+00:00,7.253e-05
2024-05-10 00:00:00+00:00,1.026e-05
2024-05-10 08:00:00+00:00,5.934e-05
2024-05-10 16:00:00+00:00,7.653e-05
2024-05-11 00:00:00+00:00,8.881e-05
2024-05-11 08:00:00+00:00,3.771e-05
2024-05-11 16:00:00+00:00,5.067e-05
2024-05-12 00:00:00+00:00,2.604e-05
2024-05-12 08:00:00+00:00,2.83e-05
2024-05-12 16:00:00+00:00,0.0001
2024-05-13 00:00:00.001000+00:00,0.0001
2024-05-13 08:00:00.001000+00:00,8.469e-05
2024-05-13 16:00:00+00:00,9.151e-05
2024-05-14 00:00:00+00:00,9.866e-05
2024-05-14 08:00:00+00:00,0.0001
2024-05-14 16:00:00+00:00,4.392e-05
2024-05-15 00:00:00+00:00,0.0001
2024-05-15 08:00:00+00:00,-3.85e-06
2024-05-15 16:00:00+00:00,2.373e-05
2024-05-16 00:00:00.004000+00:00,2.103e-05
2024-05-16 08:00:00+00:00,5.148e-05
2024-05-16 16:00:00+00:00,3.543e-05
2024-05-17 00:00:00+00:00,4.647e-05
2024-05-17 08:00:00+00:00,8.15e-06
2024-05-17 16:00:00+00:00,-2.98e-06
2024-05-18 00:00:00+00:00,6.28e-06
2024-05-18 08:00:00+00:00,8.012e-05
2024-05-18 16:00:00+00:00,-7.92e-06
2024-05-19 00:00:00+00:00,3.339e-05
2024-05-19 08:00:00+00:00,5.21e-05
2024-05-19 16:00:00+00:00,4.779e-05
2024-05-20 00:00:00+00:00,5.607e-05
2024-05-20 08:00:00+00:00,2.479e-05
2024-05-20 16:00:00.003000+00:00,2.552e-05
2024-05-21 00:00:00+00:00,0.0001
2024-05-21 08:00:00.001000+00:00,0.00010517
2024-05-21 16:00:00+00:00,0.0001
2024-05-22 00:00:00+00:00,0.0001
2024-05-22 08:00:00+00:00,0.00015759
2024-05-22 16:00:00+00:00,0.0001
2024-05-23 00:00:00+00:00,0.0001
2024-05-23 08:00:00+00:00,0.0001
2024-05-23 16:00:00+00:00,0.0001
2024-05-24 00:00:00+00:00,0.0001
2024-05-24 08:00:00+00:00,0.0001
2024-05-24 16:00:00+00:00,0.0001
2024-05-25 00:00:00+00:00,0.0001
2024-05-25 08:00:00+00:00,0.0001
2024-05-25 16:00:00+00:00,0.0001
2024-05-26 00:00:00+00:00,0.0001
2024-05-26 08:00:00+00:00,0.0001
2024-05-26 16:00:00+00:00,0.0001
2024-05-27 00:00:00+00:00,0.0001
2024-05-27 08:00:00+00:00,0.0001
2024-05-27 16:00:00+00:00,0.0001
2024-05-28 00:00:00+00:00,0.0001
2024-05-28 08:00:00+00:00,0.0001
2024-05-28 16:00:00+00:00,0.0001
2024-05-29 00:00:00.001000+00:00,0.0001
2024-05-29 08:00:00+00:00,0.0001
2024-05-29 16:00:00+00:00,0.00012558
2024-05-30 00:00:00+00:00,0.0001
2024-05-30 08:00:00+00:00,0.0001
2024-05-30 16:00:00+00:00,0.0001
2024-05-31 00:00:00+00:00,0.00014599
2024-05-31 08:00:00+00:00,0.00012268
2024-05-31 16:00:00+00:00,0.0001
2024-06-01 00:00:00+00:00,0.0001
2024-06-01 08:00:00+00:00,0.0001
2024-06-01 16:00:00.001000+00:00,0.0001025
2024-06-02 00:00:00+00:00,0.0001
2024-06-02 08:00:00+00:00,0.0001
2024-06-02 16:00:00+00:00,0.0001
2024-06-03 00:00:00+00:00,0.0001
2024-06-03 08:00:00+00:00,0.00014135
2024-06-03 16:00:00+00:00,0.0001
2024-06-04 00:00:00+00:00,0.00012008
2024-06-04 08:00:00+00:00,0.0001
2024-06-04 16:00:00+00:00,0.0001
2024-06-05 00:00:00+00:00,0.0001
2024-06-05 08:00:00+00:00,0.00016387
2024-06-05 16:00:00+00:00,0.00013226
2024-06-06 00:00:00+00:00,0.0001
2024-06-06 08:00:00.008000+00:00,0.00010438
2024-06-06 16:00:00+00:00,0.0001177
2024-06-07 00:00:00+00:00,0.0001
2024-06-07 08:00:00+00:00,0.0001
2024-06-07 16:00:00+00:00,0.00010166
2024-06-08 00:00:00+00:00,0.0001
2024-06-08 08:00:00+00:00,0.0001
2024-06-08 16:00:00+00:00,0.0001
2024-06-09 00:00:00+00:00,0.0001
2024-06-09 08:00:00+00:00,0.0001
2024-06-09 16:00:00.001000+00:00,0.0001
2024-06-10 00:00:00+00:00,0.0001
2024-06-10 08:00:00+00:00,0.0001
2024-06-10 16:00:00.001000+00:00,0.0001
2024-06-11 00:00:00.001000+00:00,0.0001
2024-06-11 08:00:00+00:00,0.0001
2024-06-11 16:00:00+00:00,0.0001
2024-06-12 00:00:00+00:00,0.0001
2024-06-12 08:00:00+00:00,0.0001
2024-06-12 16:00:00+00:00,0.0001
2024-06-13 00:00:00+00:00,0.0001
2024-06-13 08:00:00.001000+00:00,0.0001
2024-06-13 16:00:00+00:00,0.0001
2024-06-14 00:00:00+00:00,0.0001
2024-06-14 08:00:00+00:00,0.0001
2024-06-14 16:00:00+00:00,0.0001
2024-06-15 00:00:00+00:00,0.0001
2024-06-15 08:00:00+00:00,0.0001
2024-06-15 16:00:00+00:00,0.0001
2024-06-16 00:00:00.001000+00:00,0.0001
2024-06-16 08:00:00+00:00,0.0001
2024-06-16 16:00:00+00:00,0.0001
2024-06-17 00:00:00+00:00,0.0001
2024-06-17 08:00:00+00:00,0.0001
2024-06-17 16:00:00+00:00,0.0001
2024-06-18 00:00:00+00:00,0.0001
2024-06-18 08:00:00+00:00,8.236e-05
2024-06-18 16:00:00+00:00,0.0001
2024-06-19 00:00:00.001000+00:00,0.0001
2024-06-19 08:00:00.001000+00:00,4.127e-05
2024-06-19 16:00:00+00:00,2.967e-05
2024-06-20 00:00:00+00:00,3.934e-05
2024-06-20 08:00:00+00:00,5.953e-05
2024-06-20 16:00:00+00:00,6.879e-05
2024-06-21 00:00:00+00:00,3.344e-05
2024-06-21 08:00:00+00:00,7.328e-05
2024-06-21 16:00:00+00:00,0.0001
2024-06-22 00:00:00+00:00,0.0001
2024-06-22 08:00:00+00:00,4.146e-05
2024-06-22 16:00:00+00:00,0.0001
2024-06-23 00:00:00+00:00,0.0001
2024-06-23 08:00:00+00:00,2.307e-05
2024-06-23 16:00:00+00:00,4.676e-05
2024-06-24 00:00:00.002000+00:00,9.534e-05
2024-06-24 08:00:00+00:00,0.0001
2024-06-24 16:00:00+00:00,7.488e-05
2024-06-25 00:00:00+00:00,7.447e-05
2024-06-25 08:00:00+00:00,5.949e-05
2024-06-25 16:00:00+00:00,7.752e-05
2024-06-26 00:00:00.002000+00:00,0.0001
2024-06-26 08:00:00+00:00,0.0001
2024-06-26 16:00:00+00:00,0.0001
2024-06-27 00:00:00+00:00,0.0001
2024-06-27 08:00:00.001000+00:00,0.0001
2024-06-27 16:00:00+00:00,0.0001
2024-06-28 00:00:00+00:00,0.0001
2024-06-28 08:00:00+00:00,0.0001
2024-06-28 16:00:00+00:00,0.0001
2024-06-29 00:00:00.001000+00:00,0.0001
2024-06-29 08:00:00+00:00,0.0001
2024-06-29 16:00:00+00:00,0.0001
2024-06-30 00:00:00+00:00,0.0001
2024-06-30 08:00:00+00:00,0.0001
2024-06-30 16:00:00+00:00,0.0001
2024-07-01 00:00:00+00:00,0.0001
2024-07-01 08:00:00+00:00,0.0001
2024-07-01 16:00:00.001000+00:00,0.0001
2024-07-02 00:00:00+00:00,0.0001
2024-07-02 08:00:00+00:00,0.0001
2024-07-02 16:00:00+00:00,0.0001
2024-07-03 00:00:00+00:00,0.0001
2024-07-03 08:00:00.001000+00:00,0.0001
2024-07-03 16:00:00+00:00,0.0001
2024-07-04 00:00:00+00:00,0.0001
2024-07-04 08:00:00+00:00,0.0001
2024-07-04 16:00:00+00:00,0.0001
2024-07-05 00:00:00+00:00,0.0001
2024-07-05 08:00:00+00:00,0.0001
2024-07-05 16:00:00+00:00,1.762e-05
2024-07-06 00:00:00+00:00,5.729e-05
2024-07-06 08:00:00+00:00,7.512e-05
2024-07-06 16:00:00+00:00,3.25e-05
2024-07-07 00:00:00.001000+00:00,8.164e-05
2024-07-07 08:00:00+00:00,0.0001
2024-07-07 16:00:00+00:00,0.0001
2024-07-08 00:00:00+00:00,7.905e-05
2024-07-08 08:00:00+00:00,8.222e-05
2024-07-08 16:00:00+00:00,0.0001
2024-07-09 00:00:00+00:00,0.0001
2024-07-09 08:00:00.001000+00:00,8.61e-06
2024-07-09 16:00:00+00:00,0.0001
2024-07-10 00:00:00+00:00,0.0001
2024-07-10 08:00:00+00:00,9.225e-05
2024-07-10 16:00:00+00:00,5.485e-05
2024-07-11 00:00:00.002000+00:00,0.0001
2024-07-11 08:00:00.002000+00:00,0.0001
2024-07-11 16:00:00.004000+00:00,0.0001
2024-07-12 00:00:00+00:00,6.378e-05
2024-07-12 08:00:00+00:00,3.026e-05
2024-07-12 16:00:00+00:00,4.037e-05
2024-07-13 00:00:00+00:00,8.319e-05
2024-07-13 08:00:00+00:00,6.865e-05
2024-07-13 16:00:00+00:00,0.0001
2024-07-14 00:00:00+00:00,8.737e-05
2024-07-14 08:00:00+00:00,3.71e-05
2024-07-14 16:00:00+00:00,8.342e-05
2024-07-15 00:00:00+00:00,4.59e-05
2024-07-15 08:00:00+00:00,3.202e-05
2024-07-15 16:00:00+00:00,-5.14e-06
2024-07-16 00:00:00+00:00,-5.062e-05
2024-07-16 08:00:00+00:00,8.814e-05
2024-07-16 16:00:00+00:00,2.717e-05
2024-07-17 00:00:00+00:00,-3.419e-05
2024-07-17 08:00:00.001000+00:00,1.775e-05
2024-07-17 16:00:00+00:00,2.143e-05
2024-07-18 00:00:00+00:00,6.89e-06
2024-07-18 08:00:00+00:00,1.546e-05
2024-07-18 16:00:00+00:00,3.127e-05
2024-07-19 00:00:00+00:00,4.029e-05
2024-07-19 08:00:00+00:00,4.855e-05
2024-07-19 16:00:00+00:00,4.606e-05
2024-07-20 00:00:00.001000+00:00,-3.077e-05
2024-07-20 08:00:00+00:00,1.944e-05
2024-07-20 16:00:00+00:00,1.622e-05
2024-07-21 00:00:00+00:00,-5.313e-05
2024-07-21 08:00:00+00:00,2.194e-05
2024-07-21 16:00:00+00:00,6.46e-06
2024-07-22 00:00:00+00:00,9.136e-05
2024-07-22 08:00:00+00:00,5.953e-05
2024-07-22 16:00:00+00:00,2.769e-05
2024-07-23 00:00:00+00:00,4.709e-05
2024-07-23 08:00:00+00:00,4.31e-05
2024-07-23 16:00:00+00:00,4.642e-05
2024-07-24 00:00:00+00:00,0.0001
2024-07-24 08:00:00+00:00,0.0001
2024-07-24 16:00:00+00:00,0.0001
2024-07-25 00:00:00+00:00,0.0001
2024-07-25 08:00:00+00:00,0.0001
2024-07-25 16:00:00+00:00,0.0001
2024-07-26 00:00:00+00:00,0.0001
2024-07-26 08:00:00+00:00,0.0001
2024-07-26 16:00:00+00:00,3.34e-05
2024-07-27 00:00:00+00:00,6.547e-05
2024-07-27 08:00:00+00:00,8.022e-05
2024-07-27 16:00:00+00:00,9.109e-05
2024-07-28 00:00:00+00:00,8.18e-05
2024-07-28 08:00:00+00:00,9.177e-05
2024-07-28 16:00:00.001000+00:00,2.804e-05
2024-07-29 00:00:00.001000+00:00,8.361e-05
2024-07-29 08:00:00+00:00,5.623e-05
2024-07-29 16:00:00.001000+00:00,0.0001
2024-07-30 00:00:00+00:00,3.396e-05
2024-07-30 08:00:00.001000+00:00,3.562e-05
2024-07-30 16:00:00+00:00,7.691e-05
2024-07-31 00:00:00+00:00,3.063e-05
2024-07-31 08:00:00+00:00,7.178e-05
2024-07-31 16:00:00+00:00,3.826e-05
2024-08-01 00:00:00+00:00,8.208e-05
2024-08-01 08:00:00+00:00,0.0001
2024-08-01 16:00:00+00:00,0.0001
2024-08-02 00:00:00+00:00,0.0001
2024-08-02 08:00:00.001000+00:00,0.0001
2024-08-02 16:00:00+00:00,0.0001
2024-08-03 00:00:00+00:00,0.0001
2024-08-03 08:00:00+00:00,9.788e-05
2024-08-03 16:00:00.001000+00:00,4.247e-05
2024-08-04 00:00:00+00:00,0.0001
2024-08-04 08:00:00+00:00,5.343e-05
2024-08-04 16:00:00+00:00,0.0001
2024-08-05 00:00:00+00:00,0.0001
2024-08-05 08:00:00+00:00,4.429e-05
2024-08-05 16:00:00+00:00,5.967e-05
2024-08-06 00:00:00+00:00,3.566e-05
2024-08-06 08:00:00+00:00,-2.845e-05
2024-08-06 16:00:00+00:00,4.485e-05
2024-08-07 00:00:00+00:00,-7.3e-06
2024-08-07 08:00:00.001000+00:00,-6.859e-05
2024-08-07 16:00:00+00:00,3.241e-05
2024-08-08 00:00:00.001000+00:00,2.637e-05
2024-08-08 08:00:00+00:00,3.086e-05
2024-08-08 16:00:00+00:00,1.147e-05
2024-08-09 00:00:00+00:00,4.994e-05
2024-08-09 08:00:00+00:00,2.184e-05
2024-08-09 16:00:00+00:00,4.846e-05
2024-08-10 00:00:00+00:00,-3.942e-05
2024-08-10 08:00:00+00:00,-1.379e-05
2024-08-10 16:00:00+00:00,-1.949e-05
2024-08-11 00:00:00+00:00,4.049e-05
2024-08-11 08:00:00+00:00,-1.839e-05
2024-08-11 16:00:00.001000+00:00,1.185e-05
2024-08-12 00:00:00+00:00,1.113e-05
2024-08-12 08:00:00+00:00,8.783e-05
2024-08-12 16:00:00+00:00,-2.238e-05
2024-08-13 00:00:00+00:00,6.14e-05
2024-08-13 08:00:00+00:00,5.21e-06
2024-08-13 16:00:00+00:00,-3.902e-05
2024-08-14 00:00:00+00:00,1.152e-05
2024-08-14 08:00:00+00:00,-1.33e-05
2024-08-14 16:00:00+00:00,-7.811e-05
2024-08-15 00:00:00+00:00,-8.488e-05
2024-08-15 08:00:00+00:00,6.339e-05
2024-08-15 16:00:00+00:00,-6.181e-05
2024-08-16 00:00:00+00:00,-0.00011235
2024-08-16 08:00:00+00:00,-7.387e-05
2024-08-16 16:00:00+00:00,-5.57e-06
2024-08-17 00:00:00+00:00,1.912e-05
2024-08-17 08:00:00+00:00,4.177e-05
2024-08-17 16:00:00+00:00,-1.52e-06
2024-08-18 00:00:00+00:00,3.966e-05
2024-08-18 08:00:00+00:00,-1.323e-05
2024-08-18 16:00:00+00:00,-3.149e-05
2024-08-19 00:00:00+00:00,-3.616e-05
2024-08-19 08:00:00+00:00,-6.75e-05
2024-08-19 16:00:00.002000+00:00,-1.957e-05
2024-08-20 00:00:00+00:00,-2.656e-05
2024-08-20 08:00:00+00:00,1.349e-05
2024-08-20 16:00:00.001000+00:00,1.419e-05
2024-08-21 00:00:00.001000+00:00,-6.756e-05
2024-08-21 08:00:00+00:00,-5.91e-06
2024-08-21 16:00:00.001000+00:00,3.96e-06
2024-08-22 00:00:00+00:00,-2.229e-05
2024-08-22 08:00:00+00:00,1.338e-05
2024-08-22 16:00:00.008000+00:00,-7.261e-05
2024-08-23 00:00:00+00:00,-3.329e-05
2024-08-23 08:00:00+00:00,2.391e-05
2024-08-23 16:00:00+00:00,-4.317e-05
2024-08-24 00:00:00+00:00,-7.72e-06
2024-08-24 08:00:00.005000+00:00,-7.23e-06
2024-08-24 16:00:00+00:00,6.395e-05
2024-08-25 00:00:00+00:00,-4.806e-05
2024-08-25 08:00:00+00:00,-1.531e-05
2024-08-25 16:00:00+00:00,3.108e-05
2024-08-26 00:00:00+00:00,2.439e-05
2024-08-26 08:00:00.001000+00:00,3.448e-05
2024-08-26 16:00:00+00:00,3.789e-05
2024-08-27 00:00:00.001000+00:00,2.795e-05
2024-08-27 08:00:00+00:00,1.751e-05
2024-08-27 16:00:00+00:00,7.753e-05
2024-08-28 00:00:00+00:00,-6.803e-05
2024-08-28 08:00:00+00:00,2.433e-05
2024-08-28 16:00:00.001000+00:00,1.143e-05
2024-08-29 00:00:00+00:00,-9.76e-06
2024-08-29 08:00:00.001000+00:00,-1.644e-05
2024-08-29 16:00:00+00:00,5.59e-06
2024-08-30 00:00:00+00:00,9.36e-06
2024-08-30 08:00:00+00:00,3.578e-05
2024-08-30 16:00:00+00:00,2.927e-05
2024-08-31 00:00:00+00:00,-1.749e-05
2024-08-31 08:00:00+00:00,3.578e-05
2024-08-31 16:00:00+00:00,3.8e-05
2024-09-01 00:00:00+00:00,4.113e-05
2024-09-01 08:00:00.001000+00:00,-3.432e-05
2024-09-01 16:00:00+00:00,-3.82e-06
2024-09-02 00:00:00.001000+00:00,-3.386e-05
2024-09-02 08:00:00.001000+00:00,2.48e-06
2024-09-02 16:00:00+00:00,-3.63e-06
2024-09-03 00:00:00+00:00,6.245e-05
2024-09-03 08:00:00.001000+00:00,5.123e-05
2024-09-03 16:00:00+00:00,4.598e-05
2024-09-04 00:00:00+00:00,2.209e-05
2024-09-04 08:00:00+00:00,1.05e-05
2024-09-04 16:00:00+00:00,-1.47e-05
2024-09-05 00:00:00+00:00,9.016e-05
2024-09-05 08:00:00+00:00,2.025e-05
2024-09-05 16:00:00.005000+00:00,2.49e-05
2024-09-06 00:00:00+00:00,2.28e-05
2024-09-06 08:00:00.001000+00:00,-1e-08
2024-09-06 16:00:00+00:00,1.428e-05
2024-09-07 00:00:00+00:00,-5.57e-06
2024-09-07 08:00:00+00:00,-7.634e-05
2024-09-07 16:00:00+00:00,-7.236e-05
2024-09-08 00:00:00+00:00,3.745e-05
2024-09-08 08:00:00+00:00,-5.999e-05
2024-09-08 16:00:00+00:00,-5.245e-05
2024-09-09 00:00:00+00:00,-7.585e-05
2024-09-09 08:00:00+00:00,-7.108e-05
2024-09-09 16:00:00.001000+00:00,-3.875e-05
2024-09-10 00:00:00+00:00,-6.028e-05
2024-09-10 08:00:00+00:00,-2.93e-05
2024-09-10 16:00:00+00:00,-1.126e-05
2024-09-11 00:00:00+00:00,-8.953e-05
2024-09-11 08:00:00+00:00,-2.247e-05
2024-09-11 16:00:00+00:00,-5.212e-05
2024-09-12 00:00:00+00:00,-1.951e-05
2024-09-12 08:00:00+00:00,-5.46e-06
2024-09-12 16:00:00+00:00,-2.95e-05
2024-09-13 00:00:00+00:00,-6.9e-07
2024-09-13 08:00:00.001000+00:00,-8.69e-06
2024-09-13 16:00:00.001000+00:00,-2.443e-05
2024-09-14 00:00:00+00:00,-8.699e-05
2024-09-14 08:00:00+00:00,8.59e-06
2024-09-14 16:00:00.001000+00:00,2.326e-05
2024-09-15 00:00:00+00:00,-4.91e-06
2024-09-15 08:00:00+00:00,1e-08
2024-09-15 16:00:00+00:00,4.02e-06
2024-09-16 00:00:00+00:00,2.402e-05
2024-09-16 08:00:00.001000+00:00,3.564e-05
2024-09-16 16:00:00+00:00,6.762e-05
2024-09-17 00:00:00.001000+00:00,8.529e-05
2024-09-17 08:00:00+00:00,1.911e-05
2024-09-17 16:00:00+00:00,5.327e-05
2024-09-18 00:00:00+00:00,1.344e-05
2024-09-18 08:00:00+00:00,1.678e-05
2024-09-18 16:00:00.004000+00:00,4.648e-05
2024-09-19 00:00:00+00:00,3.512e-05
2024-09-19 08:00:00+00:00,2.949e-05
2024-09-19 16:00:00.001000+00:00,4.072e-05
2024-09-20 00:00:00+00:00,8.065e-05
2024-09-20 08:00:00.001000+00:00,-5.03e-06
2024-09-20 16:00:00+00:00,5.543e-05
2024-09-21 00:00:00.001000+00:00,4.638e-05
2024-09-21 08:00:00+00:00,0.0001
2024-09-21 16:00:00+00:00,8.234e-05
2024-09-22 00:00:00+00:00,6.285e-05
2024-09-22 08:00:00+00:00,9.254e-05
2024-09-22 16:00:00+00:00,5.537e-05
2024-09-23 00:00:00+00:00,6.546e-05
2024-09-23 08:00:00+00:00,1.364e-05
2024-09-23 16:00:00+00:00,5.304e-05
2024-09-24 00:00:00+00:00,2.324e-05
2024-09-24 08:00:00+00:00,2.895e-05
2024-09-24 16:00:00.001000+00:00,-1.82e-06
2024-09-25 00:00:00+00:00,1.223e-05
2024-09-25 08:00:00.003000+00:00,1.141e-05
2024-09-25 16:00:00+00:00,1.336e-05
2024-09-26 00:00:00.005000+00:00,1.65e-05
2024-09-26 08:00:00+00:00,6.246e-05
2024-09-26 16:00:00+00:00,0.0001
2024-09-27 00:00:00+00:00,0.0001
2024-09-27 08:00:00+00:00,6.722e-05
2024-09-27 16:00:00+00:00,2.275e-05
2024-09-28 00:00:00+00:00,5.455e-05
2024-09-28 08:00:00.001000+00:00,8.3e-05
2024-09-28 16:00:00+00:00,1.414e-05
2024-09-29 00:00:00.001000+00:00,7.25e-06
2024-09-29 08:00:00+00:00,3.128e-05
2024-09-29 16:00:00+00:00,7.253e-05
2024-09-30 00:00:00+00:00,3.077e-05
2024-09-30 08:00:00.001000+00:00,7.939e-05
2024-09-30 16:00:00+00:00,0.0001
2024-10-01 00:00:00+00:00,0.0001
2024-10-01 08:00:00+00:00,0.0001
2024-10-01 16:00:00.001000+00:00,0.0001
2024-10-02 00:00:00+00:00,6.632e-05
2024-10-02 08:00:00+00:00,8.409e-05
2024-10-02 16:00:00+00:00,8.191e-05
2024-10-03 00:00:00+00:00,4.381e-05
2024-10-03 08:00:00+00:00,3.746e-05
2024-10-03 16:00:00+00:00,4.99e-05
2024-10-04 00:00:00+00:00,7.097e-05
2024-10-04 08:00:00+00:00,2.119e-05
2024-10-04 16:00:00.001000+00:00,2.43e-06
2024-10-05 00:00:00+00:00,-1.596e-05
2024-10-05 08:00:00+00:00,1.088e-05
2024-10-05 16:00:00+00:00,8.61e-06
2024-10-06 00:00:00+00:00,5.72e-06
2024-10-06 08:00:00.001000+00:00,3.288e-05
2024-10-06 16:00:00+00:00,4.18e-05
2024-10-07 00:00:00+00:00,4.573e-05
2024-10-07 08:00:00+00:00,-9.52e-06
2024-10-07 16:00:00.001000+00:00,2.177e-05
2024-10-08 00:00:00+00:00,-1.678e-05
2024-10-08 08:00:00+00:00,7.094e-05
2024-10-08 16:00:00+00:00,8.1e-05
2024-10-09 00:00:00+00:00,0.0001
2024-10-09 08:00:00+00:00,5.138e-05
2024-10-09 16:00:00+00:00,7.939e-05
2024-10-10 00:00:00+00:00,2.09e-05
2024-10-10 08:00:00+00:00,1.532e-05
2024-10-10 16:00:00+00:00,0.0001
2024-10-11 00:00:00+00:00,2.231e-05
2024-10-11 08:00:00+00:00,-1.874e-05
2024-10-11 16:00:00.001000+00:00,1.2e-06
2024-10-12 00:00:00+00:00,4.558e-05
2024-10-12 08:00:00.001000+00:00,7.664e-05
2024-10-12 16:00:00+00:00,-1.489e-05
2024-10-13 00:00:00+00:00,6.93e-06
2024-10-13 08:00:00+00:00,1.638e-05
2024-10-13 16:00:00+00:00,3.938e-05
2024-10-14 00:00:00+00:00,5.429e-05
2024-10-14 08:00:00+00:00,0.0001
2024-10-14 16:00:00+00:00,0.0001
2024-10-15 00:00:00+00:00,0.0001
2024-10-15 08:00:00+00:00,0.0001
2024-10-15 16:00:00+00:00,0.0001
2024-10-16 00:00:00+00:00,8.325e-05
2024-10-16 08:00:00.001000+00:00,8.5e-05
2024-10-16 16:00:00+00:00,0.0001
2024-10-17 00:00:00+00:00,0.0001
2024-10-17 08:00:00+00:00,0.0001
2024-10-17 16:00:00.001000+00:00,0.0001
2024-10-18 00:00:00.010000+00:00,0.0001
2024-10-18 08:00:00.001000+00:00,0.0001
2024-10-18 16:00:00+00:00,0.0001
2024-10-19 00:00:00+00:00,0.0001
2024-10-19 08:00:00+00:00,0.0001
2024-10-19 16:00:00+00:00,0.0001
2024-10-20 00:00:00+00:00,0.0001
2024-10-20 08:00:00+00:00,0.0001
2024-10-20 16:00:00+00:00,0.0001
2024-10-21 00:00:00+00:00,0.0001
2024-10-21 08:00:00+00:00,0.0001
2024-10-21 16:00:00+00:00,0.0001
2024-10-22 00:00:00+00:00,0.0001
2024-10-22 08:00:00+00:00,0.0001
2024-10-22 16:00:00+00:00,0.0001
2024-10-23 00:00:00+00:00,0.0001
2024-10-23 08:00:00+00:00,0.0001
2024-10-23 16:00:00+00:00,0.0001
2024-10-24 00:00:00+00:00,0.0001
2024-10-24 08:00:00+00:00,0.0001
2024-10-24 16:00:00+00:00,0.0001
2024-10-25 00:00:00+00:00,0.0001
2024-10-25 08:00:00+00:00,0.0001
2024-10-25 16:00:00+00:00,0.0001
2024-10-26 00:00:00+00:00,4.755e-05
2024-10-26 08:00:00.001000+00:00,7.569e-05
2024-10-26 16:00:00+00:00,0.0001
2024-10-27 00:00:00+00:00,0.0001
2024-10-27 08:00:00+00:00,9.724e-05
2024-10-27 16:00:00+00:00,0.0001
2024-10-28 00:00:00+00:00,9.425e-05
2024-10-28 08:00:00.001000+00:00,0.0001
2024-10-28 16:00:00+00:00,8.946e-05
2024-10-29 00:00:00+00:00,0.0001
2024-10-29 08:00:00+00:00,0.0001
2024-10-29 16:00:00.004000+00:00,0.0001
2024-10-30 00:00:00+00:00,0.0001
2024-10-30 08:00:00+00:00,0.0001
2024-10-30 16:00:00.013000+00:00,0.0001
2024-10-31 00:00:00+00:00,0.0001
2024-10-31 08:00:00+00:00,0.0001
2024-10-31 16:00:00+00:00,0.0001
2024-11-01 00:00:00+00:00,0.0001
2024-11-01 08:00:00+00:00,0.0001
2024-11-01 16:00:00+00:00,0.0001
2024-11-02 00:00:00+00:00,0.0001
2024-11-02 08:00:00+00:00,0.0001
2024-11-02 16:00:00+00:00,0.0001
2024-11-03 00:00:00+00:00,0.0001
2024-11-03 08:00:00+00:00,0.0001
2024-11-03 16:00:00+00:00,0.0001
2024-11-04 00:00:00+00:00,0.0001
2024-11-04 08:00:00+00:00,0.0001
2024-11-04 16:00:00+00:00,0.0001
2024-11-05 00:00:00+00:00,0.0001
2024-11-05 08:00:00.003000+00:00,0.0001
2024-11-05 16:00:00.001000+00:00,0.0001
2024-11-06 00:00:00+00:00,0.0001
2024-11-06 08:00:00+00:00,0.0001
2024-11-06 16:00:00+00:00,0.0001
2024-11-07 00:00:00+00:00,0.0001
2024-11-07 08:00:00+00:00,0.0001
2024-11-07 16:00:00+00:00,0.0001
2024-11-08 00:00:00+00:00,0.0001
2024-11-08 08:00:00+00:00,0.0001
2024-11-08 16:00:00+00:00,0.0001
2024-11-09 00:00:00+00:00,0.0001
2024-11-09 08:00:00+00:00,0.0001
2024-11-09 16:00:00+00:00,0.0001
2024-11-10 00:00:00+00:00,0.0001
2024-11-10 08:00:00+00:00,0.00025603
2024-11-10 16:00:00+00:00,0.00014113
2024-11-11 00:00:00.001000+00:00,0.00036878
2024-11-11 08:00:00+00:00,0.0001
2024-11-11 16:00:00+00:00,0.0001
2024-11-12 00:00:00.002000+00:00,0.00049133
2024-11-12 08:00:00+00:00,0.00043737
2024-11-12 16:00:00+00:00,0.00038754
2024-11-13 00:00:00+00:00,0.0001
2024-11-13 08:00:00.010000+00:00,0.00013101
2024-11-13 16:00:00+00:00,0.00021856
2024-11-14 00:00:00.001000+00:00,0.0001
2024-11-14 08:00:00+00:00,0.0001
2024-11-14 16:00:00+00:00,0.0001
2024-11-15 00:00:00+00:00,0.0001
2024-11-15 08:00:00+00:00,0.0001
2024-11-15 16:00:00+00:00,0.00010977
2024-11-16 00:00:00.001000+00:00,0.0001
2024-11-16 08:00:00.001000+00:00,0.0001
2024-11-16 16:00:00+00:00,0.00013231
2024-11-17 00:00:00+00:00,0.00015765
2024-11-17 08:00:00+00:00,0.0001
2024-11-17 16:00:00.001000+00:00,0.00010577
2024-11-18 00:00:00+00:00,0.0001
2024-11-18 08:00:00+00:00,0.0003645
2024-11-18 16:00:00+00:00,0.00021318
2024-11-19 00:00:00+00:00,0.00021606
2024-11-19 08:00:00+00:00,0.00030216
2024-11-19 16:00:00+00:00,0.00017959
2024-11-20 00:00:00.003000+00:00,0.0001
2024-11-20 08:00:00+00:00,0.0001
2024-11-20 16:00:00+00:00,0.0001
2024-11-21 00:00:00.001000+00:00,0.0001
2024-11-21 08:00:00+00:00,0.0001
2024-11-21 16:00:00.001000+00:00,0.0001
2024-11-22 00:00:00+00:00,0.0001
2024-11-22 08:00:00+00:00,0.0001
2024-11-22 16:00:00.001000+00:00,0.0001
2024-11-23 00:00:00+00:00,0.0001
2024-11-23 08:00:00+00:00,0.0001
2024-11-23 16:00:00+00:00,0.0001
2024-11-24 00:00:00.001000+00:00,0.0001
2024-11-24 08:00:00+00:00,0.00016148
2024-11-24 16:00:00+00:00,0.00023228
2024-11-25 00:00:00+00:00,0.00021035
2024-11-25 08:00:00+00:00,0.0001
2024-11-25 16:00:00+00:00,0.00025233
2024-11-26 00:00:00+00:00,0.00021902
2024-11-26 08:00:00+00:00,0.00017936
2024-11-26 16:00:00+00:00,0.00029599
2024-11-27 00:00:00+00:00,0.00031205
2024-11-27 08:00:00+00:00,0.00016795
2024-11-27 16:00:00.001000+00:00,0.0001
2024-11-28 00:00:00+00:00,0.0001
2024-11-28 08:00:00+00:00,0.00014326
2024-11-28 16:00:00+00:00,0.00011859
2024-11-29 00:00:00+00:00,0.00020619
2024-11-29 08:00:00+00:00,0.00011747
2024-11-29 16:00:00+00:00,0.00021921
2024-11-30 00:00:00+00:00,0.0001
2024-11-30 08:00:00+00:00,0.00015909
2024-11-30 16:00:00+00:00,0.00012063
2024-12-01 00:00:00+00:00,0.00015901
2024-12-01 08:00:00+00:00,0.00019581
2024-12-01 16:00:00+00:00,0.0001
2024-12-02 00:00:00.001000+00:00,0.00025726
2024-12-02 08:00:00.001000+00:00,0.00024556
2024-12-02 16:00:00+00:00,0.00013387
2024-12-03 00:00:00+00:00,0.00012779
2024-12-03 08:00:00+00:00,0.00024926
2024-12-03 16:00:00+00:00,0.00011952
2024-12-04 00:00:00+00:00,0.00026634
2024-12-04 08:00:00+00:00,0.00026254
2024-12-04 16:00:00+00:00,0.00023234
2024-12-05 00:00:00.001000+00:00,0.00027625
2024-12-05 08:00:00+00:00,0.00072446
2024-12-05 16:00:00+00:00,0.00047059
2024-12-06 00:00:00+00:00,0.0001
2024-12-06 08:00:00+00:00,0.00014634
2024-12-06 16:00:00+00:00,0.0001
2024-12-07 00:00:00+00:00,0.00031972
2024-12-07 08:00:00+00:00,0.00012374
2024-12-07 16:00:00+00:00,0.0001409
2024-12-08 00:00:00+00:00,0.00016985
2024-12-08 08:00:00+00:00,0.00016572
2024-12-08 16:00:00+00:00,0.0001758
2024-12-09 00:00:00+00:00,0.00030413
2024-12-09 08:00:00+00:00,0.00021032
2024-12-09 16:00:00.001000+00:00,0.00011115
2024-12-10 00:00:00.007000+00:00,0.0001
2024-12-10 08:00:00+00:00,0.0001
2024-12-10 16:00:00+00:00,0.0001
2024-12-11 00:00:00+00:00,0.0001
2024-12-11 08:00:00+00:00,0.0001
2024-12-11 16:00:00.001000+00:00,0.0001
2024-12-12 00:00:00.001000+00:00,0.0001
2024-12-12 08:00:00+00:00,0.0001
2024-12-12 16:00:00.001000+00:00,0.0001
2024-12-13 00:00:00+00:00,0.0001
2024-12-13 08:00:00+00:00,0.0001
2024-12-13 16:00:00.001000+00:00,0.0001
2024-12-14 00:00:00+00:00,6.75e-05
2024-12-14 08:00:00+00:00,0.0001
2024-12-14 16:00:00+00:00,0.0001
2024-12-15 00:00:00+00:00,0.0001
2024-12-15 08:00:00+00:00,8.194e-05
2024-12-15 16:00:00+00:00,0.0001
2024-12-16 00:00:00+00:00,0.0001
2024-12-16 08:00:00.001000+00:00,0.0001
2024-12-16 16:00:00+00:00,9.181e-05
2024-12-17 00:00:00+00:00,7.866e-05
2024-12-17 08:00:00+00:00,0.0001
2024-12-17 16:00:00+00:00,0.0001
2024-12-18 00:00:00+00:00,0.0001
2024-12-18 08:00:00+00:00,9.159e-05
2024-12-18 16:00:00+00:00,0.0001
2024-12-19 00:00:00+00:00,0.0001
2024-12-19 08:00:00+00:00,0.0001
2024-12-19 16:00:00+00:00,0.0001
2024-12-20 00:00:00+00:00,0.0001
2024-12-20 08:00:00.001000+00:00,0.0001
2024-12-20 16:00:00.014000+00:00,0.0001
2024-12-21 00:00:00+00:00,0.0001
2024-12-21 08:00:00+00:00,1.206e-05
2024-12-21 16:00:00.001000+00:00,0.0001
2024-12-22 00:00:00+00:00,0.0001
2024-12-22 08:00:00+00:00,0.0001
2024-12-22 16:00:00+00:00,9.629e-05
2024-12-23 00:00:00+00:00,0.0001
2024-12-23 08:00:00+00:00,0.0001
2024-12-23 16:00:00.001000+00:00,8.981e-05
2024-12-24 00:00:00+00:00,0.0001
2024-12-24 08:00:00+00:00,0.0001
2024-12-24 16:00:00.001000+00:00,0.0001
2024-12-25 00:00:00.001000+00:00,0.0001
2024-12-25 08:00:00+00:00,0.0001
2024-12-25 16:00:00+00:00,0.0001
2024-12-26 00:00:00+00:00,9.827e-05
2024-12-26 08:00:00+00:00,7.453e-05
2024-12-26 16:00:00+00:00,8.585e-05
2024-12-27 00:00:00+00:00,0.0001
2024-12-27 08:00:00+00:00,0.0001
2024-12-27 16:00:00+00:00,0.0001
2024-12-28 00:00:00.001000+00:00,0.0001
2024-12-28 08:00:00+00:00,7.639e-05
2024-12-28 16:00:00+00:00,5.173e-05
2024-12-29 00:00:00+00:00,8.013e-05
2024-12-29 08:00:00+00:00,0.0001
2024-12-29 16:00:00+00:00,0.0001
2024-12-30 00:00:00+00:00,-4.2e-07
2024-12-30 08:00:00.001000+00:00,8.791e-05
2024-12-30 16:00:00+00:00,0.0001
2024-12-31 00:00:00+00:00,0.0001
2024-12-31 08:00:00+00:00,0.0001
2024-12-31 16:00:00+00:00,0.0001
2025-01-01 00:00:00.015000+00:00,0.0001
2025-01-01 08:00:00+00:00,0.0001
2025-01-01 16:00:00.001000+00:00,0.0001
2025-01-02 00:00:00+00:00,0.0001
2025-01-02 08:00:00.006000+00:00,0.0001
2025-01-02 16:00:00+00:00,0.0001
2025-01-03 00:00:00+00:00,0.0001
2025-01-03 08:00:00+00:00,0.0001
2025-01-03 16:00:00+00:00,5.242e-05
2025-01-04 00:00:00+00:00,7.699e-05
2025-01-04 08:00:00+00:00,0.0001
2025-01-04 16:00:00+00:00,7.98e-06
2025-01-05 00:00:00+00:00,0.0001
2025-01-05 08:00:00+00:00,0.0001
2025-01-05 16:00:00+00:00,8.32e-05
2025-01-06 00:00:00+00:00,0.0001
2025-01-06 08:00:00.001000+00:00,0.0001
2025-01-06 16:00:00+00:00,0.0001
2025-01-07 00:00:00+00:00,0.0001
2025-01-07 08:00:00+00:00,8.903e-05
2025-01-07 16:00:00.008000+00:00,8.279e-05
2025-01-08 00:00:00.001000+00:00,0.0001
2025-01-08 08:00:00+00:00,0.0001
2025-01-08 16:00:00+00:00,0.0001
2025-01-09 00:00:00+00:00,0.0001
2025-01-09 08:00:00+00:00,9.834e-05
2025-01-09 16:00:00+00:00,-5.44e-06
2025-01-10 00:00:00+00:00,3.966e-05
2025-01-10 08:00:00+00:00,-1.06e-05
2025-01-10 16:00:00+00:00,8.078e-05
2025-01-11 00:00:00+00:00,5.68e-05
2025-01-11 08:00:00+00:00,4.055e-05
2025-01-11 16:00:00+00:00,2.608e-05
2025-01-12 00:00:00+00:00,5.009e-05
2025-01-12 08:00:00+00:00,3.21e-05
2025-01-12 16:00:00+00:00,6.647e-05
2025-01-13 00:00:00+00:00,5.266e-05
2025-01-13 08:00:00+00:00,6.989e-05
2025-01-13 16:00:00+00:00,8.81e-06
2025-01-14 00:00:00+00:00,0.0001
2025-01-14 08:00:00+00:00,0.0001
2025-01-14 16:00:00+00:00,9.496e-05
2025-01-15 00:00:00+00:00,4.989e-05
2025-01-15 08:00:00+00:00,8.795e-05
2025-01-15 16:00:00+00:00,5.844e-05
2025-01-16 00:00:00+00:00,7.28e-06
2025-01-16 08:00:00+00:00,7.568e-05
2025-01-16 16:00:00+00:00,4.598e-05
2025-01-17 00:00:00.004000+00:00,4.597e-05
2025-01-17 08:00:00+00:00,9.386e-05
2025-01-17 16:00:00.008000+00:00,3.432e-05
2025-01-18 00:00:00+00:00,6.707e-05
2025-01-18 08:00:00.007000+00:00,0.0001
2025-01-18 16:00:00+00:00,0.0001
2025-01-19 00:00:00+00:00,0.0001
2025-01-19 08:00:00+00:00,0.0001
2025-01-19 16:00:00+00:00,0.0001
2025-01-20 00:00:00+00:00,0.0001
2025-01-20 08:00:00.009000+00:00,0.0001
2025-01-20 16:00:00+00:00,0.0001
2025-01-21 00:00:00+00:00,0.0001
2025-01-21 08:00:00+00:00,0.0001
2025-01-21 16:00:00+00:00,0.0001
2025-01-22 00:00:00+00:00,0.0001
2025-01-22 08:00:00+00:00,0.0001
2025-01-22 16:00:00+00:00,0.0001
2025-01-23 00:00:00.001000+00:00,8.654e-05
2025-01-23 08:00:00+00:00,0.0001
2025-01-23 16:00:00+00:00,8.616e-05
2025-01-24 00:00:00+00:00,3.34e-06
2025-01-24 08:00:00+00:00,7.537e-05
2025-01-24 16:00:00+00:00,9.54e-05
2025-01-25 00:00:00+00:00,5.702e-05
2025-01-25 08:00:00+00:00,8.495e-05
2025-01-25 16:00:00.001000+00:00,7.782e-05
2025-01-26 00:00:00+00:00,8.363e-05
2025-01-26 08:00:00+00:00,0.0001
2025-01-26 16:00:00+00:00,8.443e-05
2025-01-27 00:00:00+00:00,9.084e-05
2025-01-27 08:00:00+00:00,3.712e-05
2025-01-27 16:00:00+00:00,9.8e-07
2025-01-28 00:00:00+00:00,0.0001
2025-01-28 08:00:00+00:00,3.714e-05
2025-01-28 16:00:00+00:00,9.848e-05
2025-01-29 00:00:00+00:00,0.0001
2025-01-29 08:00:00+00:00,0.0001
2025-01-29 16:00:00+00:00,9.949e-05
2025-01-30 00:00:00+00:00,7.59e-05
2025-01-30 08:00:00+00:00,0.0001
2025-01-30 16:00:00+00:00,9.499e-05
2025-01-31 00:00:00+00:00,1.225e-05
2025-01-31 08:00:00+00:00,0.0001
2025-01-31 16:00:00+00:00,0.0001
2025-02-01 00:00:00+00:00,8.098e-05
2025-02-01 08:00:00+00:00,5.369e-05
2025-02-01 16:00:00+00:00,5.968e-05
2025-02-02 00:00:00.001000+00:00,5.824e-05
2025-02-02 08:00:00+00:00,3.38e-05
2025-02-02 16:00:00+00:00,-8.61e-06
2025-02-03 00:00:00+00:00,0.0001
2025-02-03 08:00:00+00:00,0.0001
2025-02-03 16:00:00+00:00,4.845e-05
2025-02-04 00:00:00+00:00,2.612e-05
2025-02-04 08:00:00.001000+00:00,6.8e-05
2025-02-04 16:00:00+00:00,4.138e-05
2025-02-05 00:00:00.001000+00:00,-4.61e-06
2025-02-05 08:00:00.001000+00:00,4.774e-05
2025-02-05 16:00:00+00:00,1.61e-05
2025-02-06 00:00:00.001000+00:00,2.186e-05
2025-02-06 08:00:00.001000+00:00,-2.38e-06
2025-02-06 16:00:00+00:00,5.903e-05
2025-02-07 00:00:00+00:00,7.983e-05
2025-02-07 08:00:00+00:00,6.989e-05
2025-02-07 16:00:00+00:00,5.167e-05
2025-02-08 00:00:00+00:00,-4.1e-05
2025-02-08 08:00:00+00:00,1.137e-05
2025-02-08 16:00:00+00:00,3.24e-06
2025-02-09 00:00:00+00:00,3.873e-05
2025-02-09 08:00:00+00:00,9.6e-05
2025-02-09 16:00:00+00:00,2.839e-05
2025-02-10 00:00:00+00:00,1.802e-05
2025-02-10 08:00:00+00:00,9.176e-05
2025-02-10 16:00:00+00:00,7.457e-05
2025-02-11 00:00:00+00:00,4.218e-05
2025-02-11 08:00:00+00:00,7.09e-05
2025-02-11 16:00:00+00:00,-2.446e-05
2025-02-12 00:00:00+00:00,1.298e-05
2025-02-12 08:00:00+00:00,4.899e-05
2025-02-12 16:00:00.001000+00:00,4.96e-05
2025-02-13 00:00:00.001000+00:00,0.0001
2025-02-13 08:00:00+00:00,4.117e-05
2025-02-13 16:00:00.001000+00:00,8.05e-06
2025-02-14 00:00:00+00:00,4.1e-05
2025-02-14 08:00:00.001000+00:00,5.51e-05
2025-02-14 16:00:00+00:00,7.093e-05
2025-02-15 00:00:00+00:00,5.5e-07
2025-02-15 08:00:00+00:00,3.297e-05
2025-02-15 16:00:00+00:00,3.735e-05
2025-02-16 00:00:00+00:00,3.39e-05
2025-02-16 08:00:00+00:00,1.82e-06
2025-02-16 16:00:00+00:00,3.799e-05
2025-02-17 00:00:00+00:00,6.239e-05
2025-02-17 08:00:00+00:00,6.397e-05
2025-02-17 16:00:00+00:00,2.009e-05
2025-02-18 00:00:00+00:00,9.488e-05
2025-02-18 08:00:00+00:00,0.0001
2025-02-18 16:00:00+00:00,0.0001
2025-02-19 00:00:00+00:00,7.007e-05
2025-02-19 08:00:00+00:00,7.779e-05
2025-02-19 16:00:00+00:00,8.96e-05
2025-02-20 00:00:00+00:00,2.42e-05
2025-02-20 08:00:00+00:00,3.269e-05
2025-02-20 16:00:00+00:00,7.346e-05
2025-02-21 00:00:00.001000+00:00,1.23e-06
2025-02-21 08:00:00+00:00,2.286e-05
2025-02-21 16:00:00+00:00,-9.7e-07
2025-02-22 00:00:00+00:00,0.0001
2025-02-22 08:00:00+00:00,6.466e-05
2025-02-22 16:00:00+00:00,2.318e-05
2025-02-23 00:00:00+00:00,4.112e-05
2025-02-23 08:00:00+00:00,3.14e-05
2025-02-23 16:00:00+00:00,1.478e-05
2025-02-24 00:00:00+00:00,-2.97e-05
2025-02-24 08:00:00+00:00,6.881e-05
2025-02-24 16:00:00+00:00,2.05e-05
2025-02-25 00:00:00+00:00,0.0001
2025-02-25 08:00:00+00:00,5.245e-05
2025-02-25 16:00:00+00:00,1.385e-05
2025-02-26 00:00:00+00:00,3.521e-05
2025-02-26 08:00:00+00:00,6.005e-05
2025-02-26 16:00:00+00:00,0.0001
2025-02-27 00:00:00.001000+00:00,9.305e-05
2025-02-27 08:00:00+00:00,-6.17e-06
2025-02-27 16:00:00+00:00,9.433e-05
2025-02-28 00:00:00.001000+00:00,9.444e-05
2025-02-28 08:00:00+00:00,9.521e-05
2025-02-28 16:00:00+00:00,-3.73e-06
2025-03-01 00:00:00+00:00,-1.4e-07
2025-03-01 08:00:00+00:00,-6.108e-05
2025-03-01 16:00:00.001000+00:00,-8.58e-06
2025-03-02 00:00:00+00:00,-1.094e-05
2025-03-02 08:00:00+00:00,-2.783e-05
2025-03-02 16:00:00+00:00,-2.869e-05
2025-03-03 00:00:00.001000+00:00,-5.518e-05
2025-03-03 08:00:00+00:00,7.91e-06
2025-03-03 16:00:00+00:00,5.272e-05
2025-03-04 00:00:00.001000+00:00,-1.526e-05
2025-03-04 08:00:00.005000+00:00,-2.7e-06
2025-03-04 16:00:00+00:00,1.306e-05
2025-03-05 00:00:00+00:00,4.113e-05
2025-03-05 08:00:00+00:00,2.722e-05
2025-03-05 16:00:00+00:00,5.028e-05
2025-03-06 00:00:00+00:00,3.538e-05
2025-03-06 08:00:00.001000+00:00,6.413e-05
2025-03-06 16:00:00+00:00,6.818e-05
2025-03-07 00:00:00+00:00,-6.12e-06
2025-03-07 08:00:00.001000+00:00,-1.539e-05
2025-03-07 16:00:00+00:00,2.028e-05
2025-03-08 00:00:00+00:00,5.328e-05
2025-03-08 08:00:00.001000+00:00,3.73e-06
2025-03-08 16:00:00.001000+00:00,1.208e-05
2025-03-09 00:00:00.001000+00:00,-2.779e-05
2025-03-09 08:00:00+00:00,3.218e-05
2025-03-09 16:00:00+00:00,0.0001
2025-03-10 00:00:00+00:00,3.952e-05
2025-03-10 08:00:00+00:00,1.344e-05
2025-03-10 16:00:00+00:00,4.037e-05
2025-03-11 00:00:00+00:00,4.705e-05
2025-03-11 08:00:00+00:00,3.26e-05
2025-03-11 16:00:00.001000+00:00,8.746e-05
2025-03-12 00:00:00+00:00,5.76e-06
2025-03-12 08:00:00+00:00,5.815e-05
2025-03-12 16:00:00.001000+00:00,4.013e-05
2025-03-13 00:00:00+00:00,4.3e-06
2025-03-13 08:00:00+00:00,2.069e-05
2025-03-13 16:00:00+00:00,3.19e-05
2025-03-14 00:00:00+00:00,5.386e-05
2025-03-14 08:00:00+00:00,5.331e-05
2025-03-14 16:00:00+00:00,3.57e-06
2025-03-15 00:00:00+00:00,-6.035e-05
2025-03-15 08:00:00+00:00,-2.389e-05
2025-03-15 16:00:00+00:00,-3.21e-06
2025-03-16 00:00:00+00:00,4.32e-06
2025-03-16 08:00:00+00:00,4.236e-05
2025-03-16 16:00:00+00:00,1.247e-05
2025-03-17 00:00:00+00:00,1.065e-05
2025-03-17 08:00:00+00:00,8.474e-05
2025-03-17 16:00:00+00:00,8.59e-06
2025-03-18 00:00:00+00:00,7.03e-06
2025-03-18 08:00:00+00:00,2.059e-05
2025-03-18 16:00:00+00:00,3.514e-05
2025-03-19 00:00:00+00:00,2e-06
2025-03-19 08:00:00+00:00,5.961e-05
2025-03-19 16:00:00+00:00,5.024e-05
2025-03-20 00:00:00+00:00,1.944e-05
2025-03-20 08:00:00+00:00,3.79e-05
2025-03-20 16:00:00+00:00,1.086e-05
2025-03-21 00:00:00+00:00,1.615e-05
2025-03-21 08:00:00+00:00,5.324e-05
2025-03-21 16:00:00+00:00,2.518e-05
2025-03-22 00:00:00+00:00,2.836e-05
2025-03-22 08:00:00.004000+00:00,-1.77e-05
2025-03-22 16:00:00+00:00,5.092e-05
2025-03-23 00:00:00+00:00,2.099e-05
2025-03-23 08:00:00+00:00,-1.84e-06
2025-03-23 16:00:00+00:00,4.02e-05
2025-03-24 00:00:00+00:00,2.039e-05
2025-03-24 08:00:00+00:00,5.512e-05
2025-03-24 16:00:00+00:00,-3.422e-05
2025-03-25 00:00:00.001000+00:00,-2.47e-06
2025-03-25 08:00:00+00:00,1.15e-05
2025-03-25 16:00:00+00:00,-3.776e-05
2025-03-26 00:00:00+00:00,-2.99e-05
2025-03-26 08:00:00+00:00,1.659e-05
2025-03-26 16:00:00.001000+00:00,-3.082e-05
2025-03-27 00:00:00.001000+00:00,3.136e-05
2025-03-27 08:00:00.001000+00:00,5.512e-05
2025-03-27 16:00:00.002000+00:00,-3.76e-05
2025-03-28 00:00:00.001000+00:00,1.584e-05
2025-03-28 08:00:00.001000+00:00,-4.57e-06
2025-03-28 16:00:00+00:00,8.118e-05
2025-03-29 00:00:00+00:00,5.364e-05
2025-03-29 08:00:00+00:00,8.214e-05
2025-03-29 16:00:00+00:00,2.53e-05
2025-03-30 00:00:00+00:00,3.41e-06
2025-03-30 08:00:00+00:00,4.27e-06
2025-03-30 16:00:00+00:00,4.588e-05
2025-03-31 00:00:00+00:00,2.643e-05
2025-03-31 08:00:00+00:00,6.02e-05
2025-03-31 16:00:00+00:00,1.845e-05
2025-04-01 00:00:00+00:00,3.961e-05
2025-04-01 08:00:00.001000+00:00,2.889e-05
2025-04-01 16:00:00+00:00,3.573e-05
2025-04-02 00:00:00.001000+00:00,-2.112e-05
2025-04-02 08:00:00+00:00,3.036e-05
2025-04-02 16:00:00+00:00,7.33e-06
2025-04-03 00:00:00+00:00,5.862e-05
2025-04-03 08:00:00+00:00,5.038e-05
2025-04-03 16:00:00+00:00,6.484e-05
2025-04-04 00:00:00+00:00,4.283e-05
2025-04-04 08:00:00+00:00,4.736e-05
2025-04-04 16:00:00+00:00,8.038e-05
2025-04-05 00:00:00+00:00,8.559e-05
2025-04-05 08:00:00+00:00,7.437e-05
2025-04-05 16:00:00+00:00,4.08e-06
2025-04-06 00:00:00+00:00,2.21e-06
2025-04-06 08:00:00+00:00,5.363e-05
2025-04-06 16:00:00.002000+00:00,-6.03e-06
2025-04-07 00:00:00+00:00,4.946e-05
2025-04-07 08:00:00+00:00,6.857e-05
2025-04-07 16:00:00+00:00,4.998e-05
2025-04-08 00:00:00+00:00,4.074e-05
2025-04-08 08:00:00+00:00,3.575e-05
2025-04-08 16:00:00+00:00,3.134e-05
2025-04-09 00:00:00+00:00,9.568e-05
2025-04-09 08:00:00.001000+00:00,-2.252e-05
2025-04-09 16:00:00+00:00,6.856e-05
2025-04-10 00:00:00+00:00,7.705e-05
2025-04-10 08:00:00+00:00,1.14e-06
2025-04-10 16:00:00+00:00,6.775e-05
2025-04-11 00:00:00.001000+00:00,2.065e-05
2025-04-11 08:00:00+00:00,-4.294e-05
2025-04-11 16:00:00+00:00,3.29e-05
2025-04-12 00:00:00+00:00,3.654e-05
2025-04-12 08:00:00.001000+00:00,5.64e-05
2025-04-12 16:00:00+00:00,5.388e-05
2025-04-13 00:00:00+00:00,5.057e-05
2025-04-13 08:00:00+00:00,8.429e-05
2025-04-13 16:00:00+00:00,9.642e-05
2025-04-14 00:00:00+00:00,8.113e-05
2025-04-14 08:00:00+00:00,7.127e-05
2025-04-14 16:00:00+00:00,2.428e-05
2025-04-15 00:00:00+00:00,-2.073e-05
2025-04-15 08:00:00+00:00,6.606e-05
2025-04-15 16:00:00.001000+00:00,1.883e-05
2025-04-16 00:00:00+00:00,2.428e-05
2025-04-16 08:00:00+00:00,6.917e-05
2025-04-16 16:00:00+00:00,1.978e-05
2025-04-17 00:00:00.001000+00:00,1.404e-05
2025-04-17 08:00:00+00:00,5.679e-05
2025-04-17 16:00:00.001000+00:00,3.425e-05
2025-04-18 00:00:00+00:00,1.788e-05
2025-04-18 08:00:00+00:00,7.071e-05
2025-04-18 16:00:00+00:00,2.995e-05
2025-04-19 00:00:00+00:00,2.93e-05
2025-04-19 08:00:00+00:00,6.024e-05
2025-04-19 16:00:00+00:00,-1.953e-05
2025-04-20 00:00:00+00:00,-2.98e-06
2025-04-20 08:00:00+00:00,-1.078e-05
2025-04-20 16:00:00+00:00,-2.258e-05
2025-04-21 00:00:00+00:00,5.232e-05
2025-04-21 08:00:00.005000+00:00,5.403e-05
2025-04-21 16:00:00.003000+00:00,1.553e-05
2025-04-22 00:00:00.008000+00:00,7.749e-05
2025-04-22 08:00:00+00:00,-7.44e-06
2025-04-22 16:00:00+00:00,-7.045e-05
2025-04-23 00:00:00+00:00,-1.389e-05
2025-04-23 08:00:00.002000+00:00,1.374e-05
2025-04-23 16:00:00+00:00,4.587e-05
2025-04-24 00:00:00+00:00,-2.671e-05
2025-04-24 08:00:00.001000+00:00,5.21e-05
2025-04-24 16:00:00.001000+00:00,-2.165e-05
2025-04-25 00:00:00.007000+00:00,-1.764e-05
2025-04-25 08:00:00.002000+00:00,1.7e-06
2025-04-25 16:00:00.003000+00:00,1.2e-06
2025-04-26 00:00:00.002000+00:00,-0.00010085
2025-04-26 08:00:00+00:00,-2.774e-05
2025-04-26 16:00:00.002000+00:00,2.855e-05
2025-04-27 00:00:00.001000+00:00,-1.5e-05
2025-04-27 08:00:00+00:00,-6.6e-06
2025-04-27 16:00:00+00:00,-4.21e-06
2025-04-28 00:00:00.001000+00:00,3.73e-06
2025-04-28 08:00:00.003000+00:00,2.46e-06
2025-04-28 16:00:00.005000+00:00,-5.821e-05
2025-04-29 00:00:00+00:00,-7.73e-06
2025-04-29 08:00:00+00:00,4.13e-06
2025-04-29 16:00:00.010000+00:00,1.305e-05
2025-04-30 00:00:00.001000+00:00,-5.181e-05
2025-04-30 08:00:00+00:00,2.939e-05
2025-04-30 16:00:00.003000+00:00,-3.797e-05
2025-05-01 00:00:00+00:00,3.519e-05
2025-05-01 08:00:00+00:00,5.755e-05
2025-05-01 16:00:00.001000+00:00,-8.028e-05
2025-05-02 00:00:00+00:00,-0.00012232
2025-05-02 08:00:00+00:00,-9.382e-05
2025-05-02 16:00:00.003000+00:00,-8.689e-05
2025-05-03 00:00:00+00:00,-5.953e-05
2025-05-03 08:00:00+00:00,3.198e-05
2025-05-03 16:00:00+00:00,-1.483e-05
2025-05-04 00:00:00.001000+00:00,3.7e-06
2025-05-04 08:00:00.001000+00:00,3.229e-05
2025-05-04 16:00:00.002000+00:00,3.745e-05
2025-05-05 00:00:00+00:00,-2.404e-05
2025-05-05 08:00:00+00:00,3.636e-05
2025-05-05 16:00:00.006000+00:00,-2.247e-05
2025-05-06 00:00:00.002000+00:00,1.978e-05
2025-05-06 08:00:00.005000+00:00,4.44e-05
2025-05-06 16:00:00+00:00,7.57e-06
2025-05-07 00:00:00.002000+00:00,1.218e-05
2025-05-07 08:00:00+00:00,-2.5e-07
2025-05-07 16:00:00.006000+00:00,1.32e-05
2025-05-08 00:00:00+00:00,2.318e-05
2025-05-08 08:00:00.001000+00:00,4.608e-05
2025-05-08 16:00:00.002000+00:00,5.728e-05
2025-05-09 00:00:00.001000+00:00,0.0001
2025-05-09 08:00:00.006000+00:00,0.0001
2025-05-09 16:00:00+00:00,4.378e-05
2025-05-10 00:00:00.001000+00:00,9.657e-05
2025-05-10 08:00:00+00:00,0.0001
2025-05-10 16:00:00.001000+00:00,4.257e-05
2025-05-11 00:00:00+00:00,0.0001
2025-05-11 08:00:00.001000+00:00,4.15e-05
2025-05-11 16:00:00.001000+00:00,0.0001
2025-05-12 00:00:00.004000+00:00,4.454e-05
2025-05-12 08:00:00+00:00,0.0001
2025-05-12 16:00:00+00:00,2.301e-05
2025-05-13 00:00:00+00:00,6.847e-05
2025-05-13 08:00:00.008000+00:00,0.0001
2025-05-13 16:00:00.001000+00:00,7.256e-05
2025-05-14 00:00:00.007000+00:00,9.921e-05
2025-05-14 08:00:00+00:00,7.542e-05
2025-05-14 16:00:00.002000+00:00,3.175e-05
2025-05-15 00:00:00+00:00,2.978e-05
2025-05-15 08:00:00.003000+00:00,5.336e-05
2025-05-15 16:00:00+00:00,1.439e-05
2025-05-16 00:00:00.001000+00:00,4.504e-05
2025-05-16 08:00:00+00:00,7.535e-05
2025-05-16 16:00:00+00:00,4.768e-05
2025-05-17 00:00:00+00:00,2.821e-05
2025-05-17 08:00:00.001000+00:00,3.34e-05
2025-05-17 16:00:00.004000+00:00,5.97e-06
2025-05-18 00:00:00+00:00,6.742e-05
2025-05-18 08:00:00+00:00,5.903e-05
2025-05-18 16:00:00+00:00,0.0001
2025-05-19 00:00:00+00:00,5.99e-05
2025-05-19 08:00:00.006000+00:00,6.04e-05
2025-05-19 16:00:00.010000+00:00,2.11e-05
2025-05-20 00:00:00+00:00,8.378e-05
2025-05-20 08:00:00.002000+00:00,7.107e-05
2025-05-20 16:00:00+00:00,1.266e-05
2025-05-21 00:00:00+00:00,8.767e-05
2025-05-21 08:00:00.001000+00:00,7.147e-05
2025-05-21 16:00:00.004000+00:00,5.119e-05
2025-05-22 00:00:00.001000+00:00,0.0001
2025-05-22 08:00:00+00:00,0.0001
2025-05-22 16:00:00.002000+00:00,0.0001
2025-05-23 00:00:00.006000+00:00,9.321e-05
2025-05-23 08:00:00+00:00,7.261e-05
2025-05-23 16:00:00.007000+00:00,8.614e-05
2025-05-24 00:00:00.010000+00:00,3.524e-05
2025-05-24 08:00:00+00:00,4.59e-05
2025-05-24 16:00:00.003000+00:00,7.837e-05
2025-05-25 00:00:00.004000+00:00,9.794e-05
2025-05-25 08:00:00+00:00,5.113e-05
2025-05-25 16:00:00+00:00,3.651e-05
2025-05-26 00:00:00+00:00,7.331e-05
2025-05-26 08:00:00+00:00,0.0001
2025-05-26 16:00:00.002000+00:00,9.782e-05
2025-05-27 00:00:00.003000+00:00,7.65e-05
2025-05-27 08:00:00.001000+00:00,7.266e-05
2025-05-27 16:00:00.005000+00:00,2.476e-05
2025-05-28 00:00:00.002000+00:00,3.26e-05
2025-05-28 08:00:00.003000+00:00,2.164e-05
2025-05-28 16:00:00.002000+00:00,5.368e-05
2025-05-29 00:00:00+00:00,3.186e-05
2025-05-29 08:00:00.006000+00:00,2.812e-05
2025-05-29 16:00:00+00:00,8.379e-05
2025-05-30 00:00:00.003000+00:00,2.622e-05
2025-05-30 08:00:00.003000+00:00,3.849e-05
2025-05-30 16:00:00+00:00,7.392e-05
2025-05-31 00:00:00+00:00,8.506e-05
2025-05-31 08:00:00+00:00,7.552e-05
2025-05-31 16:00:00+00:00,4.687e-05
2025-06-01 00:00:00.001000+00:00,-5.82e-06
2025-06-01 08:00:00.002000+00:00,2.335e-05
2025-06-01 16:00:00+00:00,4.117e-05
2025-06-02 00:00:00.001000+00:00,-6.42e-06
2025-06-02 08:00:00+00:00,5.593e-05
2025-06-02 16:00:00+00:00,4.467e-05
2025-06-03 00:00:00+00:00,5.005e-05
2025-06-03 08:00:00+00:00,6.066e-05
2025-06-03 16:00:00.001000+00:00,4.456e-05
2025-06-04 00:00:00+00:00,-1.1e-07
2025-06-04 08:00:00+00:00,2.611e-05
2025-06-04 16:00:00+00:00,9.62e-06
2025-06-05 00:00:00.016000+00:00,7.4e-07
2025-06-05 08:00:00+00:00,2.871e-05
2025-06-05 16:00:00+00:00,5.156e-05
2025-06-06 00:00:00.002000+00:00,-3.491e-05
2025-06-06 08:00:00+00:00,-3.03e-05
2025-06-06 16:00:00.006000+00:00,-2.995e-05
2025-06-07 00:00:00+00:00,-2.89e-05
2025-06-07 08:00:00+00:00,-3.158e-05
2025-06-07 16:00:00.002000+00:00,2.94e-06
2025-06-08 00:00:00+00:00,4.808e-05
2025-06-08 08:00:00+00:00,5.613e-05
2025-06-08 16:00:00+00:00,-3.602e-05
2025-06-09 00:00:00+00:00,-2.164e-05
2025-06-09 08:00:00.001000+00:00,4.024e-05
2025-06-09 16:00:00.001000+00:00,3.057e-05
2025-06-10 00:00:00+00:00,6.374e-05
2025-06-10 08:00:00.001000+00:00,0.0001
2025-06-10 16:00:00.003000+00:00,8.165e-05
2025-06-11 00:00:00+00:00,8.779e-05
2025-06-11 08:00:00+00:00,8.39e-05
2025-06-11 16:00:00.010000+00:00,5.039e-05
2025-06-12 00:00:00.002000+00:00,1.856e-05
2025-06-12 08:00:00.003000+00:00,7.247e-05
2025-06-12 16:00:00.001000+00:00,1.198e-05
2025-06-13 00:00:00+00:00,-1.801e-05
2025-06-13 08:00:00.001000+00:00,-2.7e-06
2025-06-13 16:00:00.004000+00:00,3.857e-05
2025-06-14 00:00:00+00:00,1.958e-05
2025-06-14 08:00:00+00:00,3.858e-05
2025-06-14 16:00:00+00:00,1.135e-05
2025-06-15 00:00:00.005000+00:00,-3.641e-05
2025-06-15 08:00:00.009000+00:00,1.439e-05
2025-06-15 16:00:00+00:00,7.369e-05
2025-06-16 00:00:00+00:00,9.36e-06
2025-06-16 08:00:00+00:00,5.07e-05
2025-06-16 16:00:00.003000+00:00,2.793e-05
2025-06-17 00:00:00+00:00,1.847e-05
2025-06-17 08:00:00.006000+00:00,5.776e-05
2025-06-17 16:00:00.001000+00:00,2.211e-05
2025-06-18 00:00:00.001000+00:00,-1.752e-05
2025-06-18 08:00:00.001000+00:00,3.695e-05
2025-06-18 16:00:00.001000+00:00,6.692e-05
2025-06-19 00:00:00.005000+00:00,8.45e-06
2025-06-19 08:00:00.003000+00:00,6.16e-06
2025-06-19 16:00:00+00:00,2.396e-05
2025-06-20 00:00:00+00:00,3.565e-05
2025-06-20 08:00:00.002000+00:00,7.862e-05
2025-06-20 16:00:00.001000+00:00,2.4e-05
2025-06-21 00:00:00.002000+00:00,3.977e-05
2025-06-21 08:00:00.005000+00:00,1.933e-05
2025-06-21 16:00:00+00:00,7.44e-05
2025-06-22 00:00:00.005000+00:00,2.883e-05
2025-06-22 08:00:00+00:00,0.0001
2025-06-22 16:00:00.003000+00:00,4.145e-05
2025-06-23 00:00:00+00:00,-1.061e-05
2025-06-23 08:00:00.004000+00:00,-2.809e-05
2025-06-23 16:00:00.013000+00:00,4.889e-05
2025-06-24 00:00:00.003000+00:00,1.245e-05
2025-06-24 08:00:00+00:00,1.218e-05
2025-06-24 16:00:00+00:00,4.47e-06
2025-06-25 00:00:00.005000+00:00,-3.174e-05
2025-06-25 08:00:00+00:00,2.747e-05
2025-06-25 16:00:00.005000+00:00,9.62e-06
2025-06-26 00:00:00+00:00,1.41e-06
2025-06-26 08:00:00.006000+00:00,3.805e-05
2025-06-26 16:00:00.007000+00:00,6.82e-06
2025-06-27 00:00:00+00:00,1.113e-05
2025-06-27 08:00:00+00:00,2.663e-05
2025-06-27 16:00:00.009000+00:00,2.557e-05
2025-06-28 00:00:00.001000+00:00,-1.161e-05
2025-06-28 08:00:00.002000+00:00,6.053e-05
2025-06-28 16:00:00+00:00,4.434e-05
2025-06-29 00:00:00.004000+00:00,1.25e-05
2025-06-29 08:00:00.001000+00:00,5.36e-05
2025-06-29 16:00:00.001000+00:00,0.0001
2025-06-30 00:00:00+00:00,1.084e-05
2025-06-30 08:00:00.005000+00:00,2.959e-05
2025-06-30 16:00:00.002000+00:00,4.923e-05
2025-07-01 00:00:00.007000+00:00,1.053e-05
2025-07-01 08:00:00.002000+00:00,4.334e-05
2025-07-01 16:00:00+00:00,1.109e-05
2025-07-02 00:00:00.001000+00:00,1.807e-05
2025-07-02 08:00:00+00:00,3.403e-05
2025-07-02 16:00:00.003000+00:00,4.13e-05
2025-07-03 00:00:00.006000+00:00,4.871e-05
2025-07-03 08:00:00.003000+00:00,3.562e-05
2025-07-03 16:00:00.003000+00:00,5.028e-05
2025-07-04 00:00:00.005000+00:00,5.23e-05
2025-07-04 08:00:00.003000+00:00,5.009e-05
2025-07-04 16:00:00.001000+00:00,1.797e-05
2025-07-05 00:00:00.004000+00:00,1.066e-05
2025-07-05 08:00:00.009000+00:00,3.055e-05
2025-07-05 16:00:00.006000+00:00,4.005e-05
2025-07-06 00:00:00.001000+00:00,1.941e-05
2025-07-06 08:00:00.002000+00:00,1.665e-05
2025-07-06 16:00:00.004000+00:00,1.028e-05
2025-07-07 00:00:00+00:00,2.36e-05
2025-07-07 08:00:00.007000+00:00,3.438e-05
2025-07-07 16:00:00+00:00,4.271e-05
2025-07-08 00:00:00.010000+00:00,1.073e-05
2025-07-08 08:00:00.003000+00:00,4.563e-05
2025-07-08 16:00:00+00:00,3.601e-05
2025-07-09 00:00:00.002000+00:00,3.093e-05
2025-07-09 08:00:00.006000+00:00,3.396e-05
2025-07-09 16:00:00.001000+00:00,4.253e-05
2025-07-10 00:00:00.003000+00:00,0.0001
2025-07-10 08:00:00+00:00,8.523e-05
2025-07-10 16:00:00.004000+00:00,1.908e-05
2025-07-11 00:00:00.004000+00:00,0.0001
2025-07-11 08:00:00.007000+00:00,0.0001
2025-07-11 16:00:00.001000+00:00,0.0001
2025-07-12 00:00:00+00:00,0.0001
2025-07-12 08:00:00.001000+00:00,0.0001
2025-07-12 16:00:00.002000+00:00,0.0001
2025-07-13 00:00:00.006000+00:00,0.0001
2025-07-13 08:00:00.001000+00:00,0.0001
2025-07-13 16:00:00.003000+00:00,0.0001
2025-07-14 00:00:00+00:00,8.051e-05
2025-07-14 08:00:00+00:00,0.0001
2025-07-14 16:00:00+00:00,0.0001
2025-07-15 00:00:00.002000+00:00,0.0001
2025-07-15 08:00:00+00:00,0.0001
2025-07-15 16:00:00+00:00,0.0001
2025-07-16 00:00:00+00:00,0.0001
2025-07-16 08:00:00+00:00,0.0001
2025-07-16 16:00:00.008000+00:00,0.0001
2025-07-17 00:00:00.003000+00:00,0.0001
2025-07-17 08:00:00+00:00,0.0001
2025-07-17 16:00:00+00:00,0.0001
2025-07-18 00:00:00.004000+00:00,0.0001
2025-07-18 08:00:00+00:00,0.0001
2025-07-18 16:00:00+00:00,0.0001
2025-07-19 00:00:00.009000+00:00,0.0001
2025-07-19 08:00:00+00:00,0.0001
2025-07-19 16:00:00.002000+00:00,0.0001
2025-07-20 00:00:00+00:00,0.0001
2025-07-20 08:00:00+00:00,0.0001
2025-07-20 16:00:00+00:00,0.0001
2025-07-21 00:00:00.001000+00:00,0.0001
2025-07-21 08:00:00+00:00,0.0001
2025-07-21 16:00:00.001000+00:00,0.0001
2025-07-22 00:00:00+00:00,0.0001
2025-07-22 08:00:00.010000+00:00,0.0001
2025-07-22 16:00:00.007000+00:00,0.0001
2025-07-23 00:00:00+00:00,0.0001
2025-07-23 08:00:00.004000+00:00,0.0001
2025-07-23 16:00:00.002000+00:00,0.0001
2025-07-24 00:00:00+00:00,0.0001
2025-07-24 08:00:00.001000+00:00,0.0001
2025-07-24 16:00:00+00:00,0.0001
2025-07-25 00:00:00+00:00,0.0001
2025-07-25 08:00:00+00:00,0.0001
2025-07-25 16:00:00+00:00,0.0001
2025-07-26 00:00:00.001000+00:00,0.0001
2025-07-26 08:00:00.005000+00:00,0.0001
2025-07-26 16:00:00.001000+00:00,0.0001
2025-07-27 00:00:00.001000+00:00,0.0001
2025-07-27 08:00:00+00:00,0.0001
2025-07-27 16:00:00.008000+00:00,0.0001
2025-07-28 00:00:00.005000+00:00,0.0001
2025-07-28 08:00:00+00:00,0.0001
2025-07-28 16:00:00+00:00,0.0001
2025-07-29 00:00:00.001000+00:00,0.0001
2025-07-29 08:00:00+00:00,0.0001
2025-07-29 16:00:00+00:00,0.0001
2025-07-30 00:00:00.011000+00:00,0.0001
2025-07-30 08:00:00+00:00,0.0001
2025-07-30 16:00:00.008000+00:00,0.0001
2025-07-31 00:00:00+00:00,5.694e-05
2025-07-31 08:00:00.009000+00:00,0.0001
2025-07-31 16:00:00+00:00,0.0001
2025-08-01 00:00:00.001000+00:00,-1.408e-05
2025-08-01 08:00:00.003000+00:00,1.549e-05
2025-08-01 16:00:00+00:00,5.681e-05
2025-08-02 00:00:00.004000+00:00,4.81e-05
2025-08-02 08:00:00+00:00,8.94e-06
2025-08-02 16:00:00+00:00,4.437e-05
2025-08-03 00:00:00+00:00,5.633e-05
2025-08-03 08:00:00+00:00,4.533e-05
2025-08-03 16:00:00.003000+00:00,7.504e-05
2025-08-04 00:00:00.004000+00:00,4.188e-05
2025-08-04 08:00:00+00:00,5.719e-05
2025-08-04 16:00:00.002000+00:00,3.912e-05
2025-08-05 00:00:00+00:00,7.101e-05
2025-08-05 08:00:00+00:00,8.589e-05
2025-08-05 16:00:00+00:00,4.784e-05
2025-08-06 00:00:00.005000+00:00,5.172e-05
2025-08-06 08:00:00+00:00,9.275e-05
2025-08-06 16:00:00+00:00,8.288e-05
2025-08-07 00:00:00.003000+00:00,4.843e-05
2025-08-07 08:00:00.002000+00:00,7.574e-05
2025-08-07 16:00:00.002000+00:00,6.275e-05
2025-08-08 00:00:00.002000+00:00,2.403e-05
2025-08-08 08:00:00.004000+00:00,1.729e-05
2025-08-08 16:00:00+00:00,7.973e-05
2025-08-09 00:00:00.005000+00:00,8.835e-05
2025-08-09 08:00:00+00:00,9.087e-05
2025-08-09 16:00:00.007000+00:00,5.151e-05
2025-08-10 00:00:00.003000+00:00,9.849e-05
2025-08-10 08:00:00.005000+00:00,0.0001
2025-08-10 16:00:00.002000+00:00,0.0001
2025-08-11 00:00:00+00:00,0.0001
2025-08-11 08:00:00+00:00,0.0001
2025-08-11 16:00:00+00:00,0.0001
2025-08-12 00:00:00+00:00,0.0001
2025-08-12 08:00:00.001000+00:00,7.988e-05
2025-08-12 16:00:00.005000+00:00,8.543e-05
2025-08-13 00:00:00+00:00,7.123e-05
2025-08-13 08:00:00.002000+00:00,0.0001
2025-08-13 16:00:00.006000+00:00,0.0001
2025-08-14 00:00:00.002000+00:00,0.0001
2025-08-14 08:00:00.003000+00:00,0.0001
2025-08-14 16:00:00+00:00,0.0001
2025-08-15 00:00:00+00:00,1.939e-05
2025-08-15 08:00:00+00:00,7.99e-05
2025-08-15 16:00:00+00:00,3.722e-05
2025-08-16 00:00:00.004000+00:00,8.85e-05
2025-08-16 08:00:00+00:00,8.268e-05
2025-08-16 16:00:00.002000+00:00,9.023e-05
2025-08-17 00:00:00+00:00,8.206e-05
2025-08-17 08:00:00.001000+00:00,4.68e-05
2025-08-17 16:00:00.007000+00:00,1.862e-05
2025-08-18 00:00:00+00:00,2.846e-05
2025-08-18 08:00:00.001000+00:00,-6.82e-06
2025-08-18 16:00:00.002000+00:00,5.296e-05
2025-08-19 00:00:00+00:00,7.137e-05
2025-08-19 08:00:00.001000+00:00,6.262e-05
2025-08-19 16:00:00+00:00,3.167e-05
2025-08-20 00:00:00+00:00,4.543e-05
2025-08-20 08:00:00+00:00,1.364e-05
2025-08-20 16:00:00+00:00,4.936e-05
2025-08-21 00:00:00.006000+00:00,1.143e-05
2025-08-21 08:00:00+00:00,7.757e-05
2025-08-21 16:00:00.003000+00:00,7.414e-05
2025-08-22 00:00:00.010000+00:00,7.296e-05
2025-08-22 08:00:00.007000+00:00,0.0001
2025-08-22 16:00:00.001000+00:00,5.867e-05
2025-08-23 00:00:00.004000+00:00,0.0001
2025-08-23 08:00:00.006000+00:00,0.0001
2025-08-23 16:00:00+00:00,9.711e-05
2025-08-24 00:00:00.001000+00:00,0.0001
2025-08-24 08:00:00.002000+00:00,0.0001
2025-08-24 16:00:00.001000+00:00,0.0001
2025-08-25 00:00:00+00:00,0.0001
2025-08-25 08:00:00.002000+00:00,0.0001
2025-08-25 16:00:00.002000+00:00,8.344e-05
2025-08-26 00:00:00+00:00,4.522e-05
2025-08-26 08:00:00+00:00,3.9e-05
2025-08-26 16:00:00+00:00,0.0001
2025-08-27 00:00:00.003000+00:00,1.802e-05
2025-08-27 08:00:00+00:00,5.503e-05
2025-08-27 16:00:00.009000+00:00,3.496e-05
2025-08-28 00:00:00+00:00,5.297e-05
2025-08-28 08:00:00.005000+00:00,9.693e-05
2025-08-28 16:00:00.004000+00:00,7.512e-05
2025-08-29 00:00:00+00:00,4.261e-05
2025-08-29 08:00:00+00:00,5.856e-05
2025-08-29 16:00:00.005000+00:00,6.44e-06
2025-08-30 00:00:00+00:00,7.523e-05
2025-08-30 08:00:00.002000+00:00,7.979e-05
2025-08-30 16:00:00.003000+00:00,8.042e-05
2025-08-31 00:00:00.016000+00:00,-1.232e-05
2025-08-31 08:00:00+00:00,4.749e-05
2025-08-31 16:00:00.001000+00:00,0.0001
2025-09-01 00:00:00+00:00,4.66e-05
2025-09-01 08:00:00+00:00,0.0001
2025-09-01 16:00:00.001000+00:00,4.963e-05
2025-09-02 00:00:00+00:00,6.946e-05
2025-09-02 08:00:00.005000+00:00,8.805e-05
2025-09-02 16:00:00.007000+00:00,6.356e-05
2025-09-03 00:00:00.006000+00:00,7.67e-06
2025-09-03 08:00:00.002000+00:00,5.127e-05
2025-09-03 16:00:00.002000+00:00,2.344e-05
2025-09-04 00:00:00.002000+00:00,1.808e-05
2025-09-04 08:00:00+00:00,4.385e-05
2025-09-04 16:00:00+00:00,7.941e-05
2025-09-05 00:00:00.001000+00:00,7.532e-05
2025-09-05 08:00:00.006000+00:00,0.0001
2025-09-05 16:00:00+00:00,7.872e-05
2025-09-06 00:00:00+00:00,1.297e-05
2025-09-06 08:00:00.005000+00:00,5.66e-05
2025-09-06 16:00:00+00:00,5.11e-05
2025-09-07 00:00:00+00:00,1.97e-05
2025-09-07 08:00:00+00:00,3.611e-05
2025-09-07 16:00:00+00:00,6.969e-05
2025-09-08 00:00:00.007000+00:00,9.404e-05
2025-09-08 08:00:00+00:00,6.682e-05
2025-09-08 16:00:00+00:00,7.311e-05
2025-09-09 00:00:00+00:00,3.799e-05
2025-09-09 08:00:00+00:00,0.0001
2025-09-09 16:00:00+00:00,0.0001
2025-09-10 00:00:00+00:00,5.805e-05
2025-09-10 08:00:00.002000+00:00,5.026e-05
2025-09-10 16:00:00+00:00,0.0001
2025-09-11 00:00:00+00:00,5.843e-05
2025-09-11 08:00:00+00:00,4.283e-05
2025-09-11 16:00:00.001000+00:00,3.326e-05
2025-09-12 00:00:00.002000+00:00,6.137e-05
2025-09-12 08:00:00.001000+00:00,3.768e-05
2025-09-12 16:00:00.005000+00:00,6.891e-05
2025-09-13 00:00:00.005000+00:00,-1.554e-05
2025-09-13 08:00:00.002000+00:00,2.251e-05
2025-09-13 16:00:00+00:00,3.137e-05
2025-09-14 00:00:00.006000+00:00,8.182e-05
2025-09-14 08:00:00+00:00,4.78e-05
2025-09-14 16:00:00.001000+00:00,3.115e-05
2025-09-15 00:00:00.006000+00:00,6.207e-05
2025-09-15 08:00:00.002000+00:00,8.259e-05
2025-09-15 16:00:00.001000+00:00,8.189e-05
2025-09-16 00:00:00.001000+00:00,9.97e-06
2025-09-16 08:00:00+00:00,6.991e-05
2025-09-16 16:00:00+00:00,6.472e-05
2025-09-17 00:00:00.001000+00:00,6.972e-05
2025-09-17 08:00:00+00:00,8.441e-05
2025-09-17 16:00:00.003000+00:00,6.303e-05
2025-09-18 00:00:00.006000+00:00,4.941e-05
2025-09-18 08:00:00.002000+00:00,8.928e-05
2025-09-18 16:00:00+00:00,4.208e-05
2025-09-19 00:00:00+00:00,-2.31e-06
2025-09-19 08:00:00.005000+00:00,2.109e-05
2025-09-19 16:00:00+00:00,5.264e-05
2025-09-20 00:00:00+00:00,3.757e-05
2025-09-20 08:00:00+00:00,-2.7e-07
2025-09-20 16:00:00.002000+00:00,-1.006e-05
2025-09-21 00:00:00+00:00,-5.322e-05
2025-09-21 08:00:00+00:00,2.563e-05
2025-09-21 16:00:00+00:00,3.742e-05
2025-09-22 00:00:00.005000+00:00,6.665e-05
2025-09-22 08:00:00.003000+00:00,1.743e-05
2025-09-22 16:00:00+00:00,4.838e-05
2025-09-23 00:00:00+00:00,7.062e-05
2025-09-23 08:00:00.001000+00:00,7.083e-05
2025-09-23 16:00:00+00:00,7.478e-05
2025-09-24 00:00:00.003000+00:00,5.794e-05
2025-09-24 08:00:00.001000+00:00,6.267e-05
2025-09-24 16:00:00.002000+00:00,4.886e-05
2025-09-25 00:00:00+00:00,-2.2e-06
2025-09-25 08:00:00.001000+00:00,1.73e-05
2025-09-25 16:00:00+00:00,9.56e-05
2025-09-26 00:00:00+00:00,3.143e-05
2025-09-26 08:00:00+00:00,4.36e-05
2025-09-26 16:00:00.008000+00:00,7.716e-05
2025-09-27 00:00:00+00:00,-1e-07
2025-09-27 08:00:00.010000+00:00,3.425e-05
2025-09-27 16:00:00.003000+00:00,7.821e-05
2025-09-28 00:00:00+00:00,3.314e-05
2025-09-28 08:00:00+00:00,4.976e-05
2025-09-28 16:00:00+00:00,5.261e-05
2025-09-29 00:00:00+00:00,2.312e-05
2025-09-29 08:00:00.002000+00:00,1.304e-05
2025-09-29 16:00:00.001000+00:00,3.2e-07
2025-09-30 00:00:00.002000+00:00,2.353e-05
2025-09-30 08:00:00.005000+00:00,5.893e-05
2025-09-30 16:00:00+00:00,2.584e-05
2025-10-01 00:00:00+00:00,3.355e-05
2025-10-01 08:00:00+00:00,3.457e-05
2025-10-01 16:00:00+00:00,0.0001
2025-10-02 00:00:00+00:00,7.784e-05
2025-10-02 08:00:00.013000+00:00,0.0001
2025-10-02 16:00:00+00:00,9.543e-05
2025-10-03 00:00:00.006000+00:00,9.926e-05
2025-10-03 08:00:00.006000+00:00,0.0001
2025-10-03 16:00:00+00:00,0.0001
2025-10-04 00:00:00.001000+00:00,0.0001
2025-10-04 08:00:00+00:00,0.0001
2025-10-04 16:00:00+00:00,8.312e-05
2025-10-05 00:00:00+00:00,8.648e-05
2025-10-05 08:00:00.003000+00:00,0.0001
2025-10-05 16:00:00.009000+00:00,9.566e-05
2025-10-06 00:00:00.004000+00:00,7.672e-05
2025-10-06 08:00:00.002000+00:00,9.708e-05
2025-10-06 16:00:00.004000+00:00,5.831e-05
2025-10-07 00:00:00+00:00,0.0001
2025-10-07 08:00:00.003000+00:00,8.608e-05
2025-10-07 16:00:00+00:00,6.194e-05
2025-10-08 00:00:00+00:00,2.542e-05
2025-10-08 08:00:00.006000+00:00,0.0001
2025-10-08 16:00:00.002000+00:00,5.396e-05
2025-10-09 00:00:00.001000+00:00,1.344e-05
2025-10-09 08:00:00+00:00,5.35e-05
2025-10-09 16:00:00+00:00,1.455e-05
2025-10-10 00:00:00.005000+00:00,7.85e-06
2025-10-10 08:00:00.002000+00:00,3.879e-05
2025-10-10 16:00:00.014000+00:00,1.013e-05
2025-10-11 00:00:00+00:00,0.0001
2025-10-11 08:00:00.003000+00:00,0.0001
2025-10-11 16:00:00+00:00,4.67e-06
2025-10-12 00:00:00.004000+00:00,-3.055e-05
2025-10-12 08:00:00.002000+00:00,2.865e-05
2025-10-12 16:00:00+00:00,-0.00010915
2025-10-13 00:00:00.003000+00:00,-3.942e-05
2025-10-13 08:00:00.002000+00:00,2.519e-05
2025-10-13 16:00:00.003000+00:00,-2.305e-05
2025-10-14 00:00:00+00:00,-4.041e-05
2025-10-14 08:00:00+00:00,7.12e-06
2025-10-14 16:00:00+00:00,-4.498e-05
2025-10-15 00:00:00.006000+00:00,-5.425e-05
2025-10-15 08:00:00.002000+00:00,3.973e-05
2025-10-15 16:00:00+00:00,2.25e-06
2025-10-16 00:00:00+00:00,-2.741e-05
2025-10-16 08:00:00.003000+00:00,-2.23e-05
2025-10-16 16:00:00.002000+00:00,-3.004e-05
2025-10-17 00:00:00.001000+00:00,-2.85e-06
2025-10-17 08:00:00.005000+00:00,-6.34e-06
2025-10-17 16:00:00.003000+00:00,-2.91e-06
2025-10-18 00:00:00+00:00,-4.819e-05
2025-10-18 08:00:00.002000+00:00,-6.376e-05
2025-10-18 16:00:00.001000+00:00,-3.681e-05
2025-10-19 00:00:00.001000+00:00,-1.411e-05
2025-10-19 08:00:00.001000+00:00,1.512e-05
2025-10-19 16:00:00.001000+00:00,2.787e-05
2025-10-20 00:00:00.004000+00:00,-2.197e-05
2025-10-20 08:00:00.001000+00:00,-6.65e-06
2025-10-20 16:00:00+00:00,-1.8e-07
2025-10-21 00:00:00.009000+00:00,-5.567e-05
2025-10-21 08:00:00+00:00,2.222e-05
2025-10-21 16:00:00+00:00,-2.506e-05
2025-10-22 00:00:00.004000+00:00,-4.212e-05
2025-10-22 08:00:00+00:00,2.445e-05
2025-10-22 16:00:00+00:00,5.702e-05
2025-10-23 00:00:00+00:00,8.911e-05
2025-10-23 08:00:00.001000+00:00,2.673e-05
2025-10-23 16:00:00.004000+00:00,3.933e-05
2025-10-24 00:00:00+00:00,3.391e-05
2025-10-24 08:00:00+00:00,1.783e-05
2025-10-24 16:00:00.009000+00:00,3.224e-05
2025-10-25 00:00:00+00:00,5.02e-05
2025-10-25 08:00:00.001000+00:00,1.484e-05
2025-10-25 16:00:00.001000+00:00,5.57e-05
2025-10-26 00:00:00.001000+00:00,1.903e-05
2025-10-26 08:00:00.001000+00:00,5.35e-06
2025-10-26 16:00:00+00:00,6.904e-05
2025-10-27 00:00:00+00:00,0.0001
2025-10-27 08:00:00.005000+00:00,0.0001
2025-10-27 16:00:00+00:00,7.304e-05
2025-10-28 00:00:00+00:00,6.059e-05
2025-10-28 08:00:00+00:00,7.806e-05
2025-10-28 16:00:00.004000+00:00,2.992e-05
2025-10-29 00:00:00.004000+00:00,-3.2e-07
2025-10-29 08:00:00.005000+00:00,3.588e-05
2025-10-29 16:00:00+00:00,5.003e-05
2025-10-30 00:00:00.004000+00:00,1.097e-05
2025-10-30 08:00:00.008000+00:00,3.449e-05
2025-10-30 16:00:00.001000+00:00,3.562e-05
2025-10-31 00:00:00+00:00,2.13e-06
2025-10-31 08:00:00.008000+00:00,0.0001
2025-10-31 16:00:00.007000+00:00,0.0001
2025-11-01 00:00:00.001000+00:00,0.0001
2025-11-01 08:00:00+00:00,0.0001
2025-11-01 16:00:00+00:00,9.782e-05
2025-11-02 00:00:00.007000+00:00,8.2e-05
2025-11-02 08:00:00+00:00,8.15e-05
2025-11-02 16:00:00.001000+00:00,5.635e-05
2025-11-03 00:00:00+00:00,6.098e-05
2025-11-03 08:00:00.010000+00:00,6.853e-05
2025-11-03 16:00:00+00:00,5.329e-05
2025-11-04 00:00:00.002000+00:00,0.0001
2025-11-04 08:00:00.004000+00:00,5.808e-05
2025-11-04 16:00:00+00:00,6.339e-05
2025-11-05 00:00:00+00:00,7.132e-05
2025-11-05 08:00:00+00:00,2.831e-05
2025-11-05 16:00:00.004000+00:00,2.816e-05
2025-11-06 00:00:00.001000+00:00,3.985e-05
2025-11-06 08:00:00+00:00,7.916e-05
2025-11-06 16:00:00.001000+00:00,4.494e-05
2025-11-07 00:00:00.005000+00:00,4.705e-05
2025-11-07 08:00:00.003000+00:00,4.227e-05
2025-11-07 16:00:00.005000+00:00,8.631e-05
2025-11-08 00:00:00.011000+00:00,7.776e-05
2025-11-08 08:00:00.015000+00:00,3.047e-05
2025-11-08 16:00:00.001000+00:00,3.74e-05
2025-11-09 00:00:00.004000+00:00,-1.64e-05
2025-11-09 08:00:00+00:00,4.187e-05
2025-11-09 16:00:00.005000+00:00,8.948e-05
2025-11-10 00:00:00+00:00,8.87e-05
2025-11-10 08:00:00+00:00,7.355e-05
2025-11-10 16:00:00.003000+00:00,4.979e-05
2025-11-11 00:00:00.007000+00:00,2.818e-05
2025-11-11 08:00:00+00:00,-2.775e-05
2025-11-11 16:00:00.009000+00:00,5.823e-05
2025-11-12 00:00:00+00:00,2.462e-05
2025-11-12 08:00:00.002000+00:00,6.87e-06
2025-11-12 16:00:00+00:00,5.786e-05
2025-11-13 00:00:00.002000+00:00,1.077e-05
2025-11-13 08:00:00+00:00,9.352e-05
2025-11-13 16:00:00.001000+00:00,7.448e-05
2025-11-14 00:00:00+00:00,8.569e-05
2025-11-14 08:00:00+00:00,9.126e-05
2025-11-14 16:00:00.001000+00:00,9.078e-05
2025-11-15 00:00:00.005000+00:00,8.507e-05
2025-11-15 08:00:00+00:00,0.0001
2025-11-15 16:00:00.001000+00:00,5.923e-05
2025-11-16 00:00:00.001000+00:00,7.745e-05
2025-11-16 08:00:00+00:00,0.0001
2025-11-16 16:00:00+00:00,7.06e-05
2025-11-17 00:00:00.003000+00:00,0.0001
2025-11-17 08:00:00.003000+00:00,9.568e-05
2025-11-17 16:00:00+00:00,7.208e-05
2025-11-18 00:00:00.002000+00:00,0.0001
2025-11-18 08:00:00.004000+00:00,0.0001
2025-11-18 16:00:00+00:00,3.725e-05
2025-11-19 00:00:00+00:00,7.496e-05
2025-11-19 08:00:00+00:00,5.012e-05
2025-11-19 16:00:00.008000+00:00,3.98e-05
2025-11-20 00:00:00+00:00,4.259e-05
2025-11-20 08:00:00+00:00,0.0001
2025-11-20 16:00:00+00:00,8.999e-05
2025-11-21 00:00:00.001000+00:00,4.272e-05
2025-11-21 08:00:00+00:00,4.524e-05
2025-11-21 16:00:00.001000+00:00,2.642e-05
2025-11-22 00:00:00.004000+00:00,1.373e-05
2025-11-22 08:00:00+00:00,6.735e-05
2025-11-22 16:00:00+00:00,5.057e-05
2025-11-23 00:00:00+00:00,3.812e-05
2025-11-23 08:00:00.008000+00:00,1.53e-06
2025-11-23 16:00:00.003000+00:00,-8.93e-06
2025-11-24 00:00:00.004000+00:00,-6e-08
2025-11-24 08:00:00+00:00,-1.34e-06
2025-11-24 16:00:00.006000+00:00,5.044e-05
2025-11-25 00:00:00+00:00,-5.29e-05
2025-11-25 08:00:00.009000+00:00,1.996e-05
2025-11-25 16:00:00.007000+00:00,-3.019e-05
2025-11-26 00:00:00.001000+00:00,4.038e-05
2025-11-26 08:00:00.001000+00:00,5.388e-05
2025-11-26 16:00:00+00:00,-4.19e-06
2025-11-27 00:00:00.013000+00:00,-2.599e-05
2025-11-27 08:00:00+00:00,2.408e-05
2025-11-27 16:00:00.004000+00:00,4.624e-05
2025-11-28 00:00:00.008000+00:00,1.771e-05
2025-11-28 08:00:00+00:00,6.007e-05
2025-11-28 16:00:00.008000+00:00,-1.703e-05
2025-11-29 00:00:00+00:00,-1.982e-05
2025-11-29 08:00:00.005000+00:00,1.778e-05
2025-11-29 16:00:00.001000+00:00,2.635e-05
2025-11-30 00:00:00.003000+00:00,6.082e-05
2025-11-30 08:00:00+00:00,3.556e-05
2025-11-30 16:00:00.004000+00:00,3.88e-05
2025-12-01 00:00:00+00:00,3.593e-05
2025-12-01 08:00:00.004000+00:00,3.153e-05
2025-12-01 16:00:00+00:00,1.491e-05
2025-12-02 00:00:00.004000+00:00,-1.009e-05
2025-12-02 08:00:00+00:00,2.643e-05
2025-12-02 16:00:00+00:00,3.999e-05
2025-12-03 00:00:00+00:00,-1.732e-05
2025-12-03 08:00:00+00:00,4.206e-05
2025-12-03 16:00:00.005000+00:00,-8.85e-06
2025-12-04 00:00:00.012000+00:00,-3.95e-06
2025-12-04 08:00:00+00:00,7.435e-05
2025-12-04 16:00:00.011000+00:00,3.928e-05
2025-12-05 00:00:00+00:00,4.837e-05
2025-12-05 08:00:00+00:00,4.944e-05
2025-12-05 16:00:00.010000+00:00,3.91e-06
2025-12-06 00:00:00.001000+00:00,3.693e-05
2025-12-06 08:00:00.001000+00:00,1.919e-05
2025-12-06 16:00:00.008000+00:00,-1.822e-05
2025-12-07 00:00:00+00:00,4.192e-05
2025-12-07 08:00:00.004000+00:00,1.666e-05
2025-12-07 16:00:00+00:00,5.212e-05
2025-12-08 00:00:00+00:00,-5.39e-06
2025-12-08 08:00:00+00:00,6.545e-05
2025-12-08 16:00:00.001000+00:00,3.395e-05
2025-12-09 00:00:00.001000+00:00,8.52e-06
2025-12-09 08:00:00.001000+00:00,6.379e-05
2025-12-09 16:00:00.007000+00:00,5.443e-05
2025-12-10 00:00:00.007000+00:00,2.777e-05
2025-12-10 08:00:00.002000+00:00,1.996e-05
2025-12-10 16:00:00.012000+00:00,3.205e-05
2025-12-11 00:00:00.001000+00:00,2.59e-05
2025-12-11 08:00:00+00:00,-1.577e-05
2025-12-11 16:00:00+00:00,6.1e-05
2025-12-12 00:00:00.005000+00:00,6.914e-05
2025-12-12 08:00:00.007000+00:00,4.698e-05
2025-12-12 16:00:00.002000+00:00,3.383e-05
2025-12-13 00:00:00.001000+00:00,1.21e-06
2025-12-13 08:00:00.006000+00:00,6.02e-05
2025-12-13 16:00:00+00:00,6.041e-05
2025-12-14 00:00:00+00:00,0.0001
2025-12-14 08:00:00.003000+00:00,2.898e-05
2025-12-14 16:00:00.005000+00:00,3.773e-05
2025-12-15 00:00:00+00:00,1.9e-06
2025-12-15 08:00:00+00:00,-8.93e-06
2025-12-15 16:00:00+00:00,3.081e-05
2025-12-16 00:00:00.002000+00:00,7.467e-05
2025-12-16 08:00:00+00:00,1.35e-05
2025-12-16 16:00:00.002000+00:00,4.089e-05
2025-12-17 00:00:00.004000+00:00,6.221e-05
2025-12-17 08:00:00+00:00,8.987e-05
2025-12-17 16:00:00+00:00,5.917e-05
2025-12-18 00:00:00.005000+00:00,6.23e-05
2025-12-18 08:00:00.007000+00:00,-8.67e-06
2025-12-18 16:00:00.001000+00:00,8.355e-05
2025-12-19 00:00:00+00:00,5.491e-05
2025-12-19 08:00:00.001000+00:00,0.0001
2025-12-19 16:00:00+00:00,0.0001
2025-12-20 00:00:00.005000+00:00,0.0001
2025-12-20 08:00:00+00:00,1.234e-05
2025-12-20 16:00:00.002000+00:00,7.171e-05
2025-12-21 00:00:00+00:00,9.682e-05
2025-12-21 08:00:00.009000+00:00,8.873e-05
2025-12-21 16:00:00+00:00,3.977e-05
2025-12-22 00:00:00+00:00,4.389e-05
2025-12-22 08:00:00.005000+00:00,4.524e-05
2025-12-22 16:00:00.009000+00:00,6.654e-05
2025-12-23 00:00:00+00:00,2.633e-05
2025-12-23 08:00:00+00:00,5.231e-05
2025-12-23 16:00:00.001000+00:00,1.795e-05
2025-12-24 00:00:00.001000+00:00,0.0001
2025-12-24 08:00:00.001000+00:00,8.455e-05
2025-12-24 16:00:00+00:00,5.927e-05
2025-12-25 00:00:00+00:00,5.953e-05
2025-12-25 08:00:00.001000+00:00,7.953e-05
2025-12-25 16:00:00.005000+00:00,8.322e-05
2025-12-26 00:00:00.004000+00:00,4.378e-05
2025-12-26 08:00:00.001000+00:00,5.427e-05
2025-12-26 16:00:00.007000+00:00,0.0001
2025-12-27 00:00:00+00:00,1.809e-05
2025-12-27 08:00:00+00:00,2.788e-05
2025-12-27 16:00:00.011000+00:00,5.85e-05
2025-12-28 00:00:00.008000+00:00,-3.6e-07
2025-12-28 08:00:00+00:00,7.955e-05
2025-12-28 16:00:00+00:00,9.464e-05
2025-12-29 00:00:00.016000+00:00,0.0001
2025-12-29 08:00:00.001000+00:00,0.0001
2025-12-29 16:00:00+00:00,4.826e-05
2025-12-30 00:00:00.005000+00:00,0.0001
2025-12-30 08:00:00.001000+00:00,4.613e-05
2025-12-30 16:00:00.003000+00:00,8.345e-05
2025-12-31 00:00:00.004000+00:00,2.922e-05
2025-12-31 08:00:00.001000+00:00,1.453e-05
2025-12-31 16:00:00.001000+00:00,3.75e-05
2026-01-01 00:00:00.008000+00:00,0.0001
2026-01-01 08:00:00.002000+00:00,0.0001
2026-01-01 16:00:00.001000+00:00,1.711e-05
2026-01-02 00:00:00.006000+00:00,5.608e-05
2026-01-02 08:00:00.007000+00:00,4.219e-05
2026-01-02 16:00:00+00:00,4.813e-05
2026-01-03 00:00:00.001000+00:00,3.11e-05
2026-01-03 08:00:00+00:00,1.055e-05
2026-01-03 16:00:00+00:00,6.938e-05
2026-01-04 00:00:00+00:00,9.488e-05
2026-01-04 08:00:00+00:00,5.813e-05
2026-01-04 16:00:00.001000+00:00,4.436e-05
2026-01-05 00:00:00+00:00,8.893e-05
2026-01-05 08:00:00+00:00,5.23e-05
2026-01-05 16:00:00+00:00,7.723e-05
2026-01-06 00:00:00.010000+00:00,-1.376e-05
2026-01-06 08:00:00+00:00,2.816e-05
2026-01-06 16:00:00+00:00,2.691e-05
2026-01-07 00:00:00.001000+00:00,6.582e-05
2026-01-07 08:00:00.001000+00:00,0.0001
2026-01-07 16:00:00.001000+00:00,2.885e-05
2026-01-08 00:00:00.001000+00:00,8.693e-05
2026-01-08 08:00:00+00:00,0.0001
2026-01-08 16:00:00+00:00,6.436e-05
2026-01-09 00:00:00.003000+00:00,-2.813e-05
2026-01-09 08:00:00+00:00,7.258e-05
2026-01-09 16:00:00.001000+00:00,2.18e-06
2026-01-10 00:00:00+00:00,5.643e-05
2026-01-10 08:00:00.002000+00:00,7.657e-05
2026-01-10 16:00:00.001000+00:00,6.235e-05
2026-01-11 00:00:00.003000+00:00,8.744e-05
2026-01-11 08:00:00.006000+00:00,4.67e-05
2026-01-11 16:00:00+00:00,1.667e-05
2026-01-12 00:00:00.005000+00:00,1.813e-05
2026-01-12 08:00:00+00:00,2.902e-05
2026-01-12 16:00:00+00:00,4.65e-05
2026-01-13 00:00:00.007000+00:00,2.245e-05
2026-01-13 08:00:00.009000+00:00,9.838e-05
2026-01-13 16:00:00.002000+00:00,3.445e-05
2026-01-14 00:00:00+00:00,1.29e-06
2026-01-14 08:00:00.001000+00:00,2.497e-05
2026-01-14 16:00:00.004000+00:00,4.076e-05
2026-01-15 00:00:00+00:00,-3.67e-06
2026-01-15 08:00:00.004000+00:00,1.749e-05
2026-01-15 16:00:00.002000+00:00,1.526e-05
2026-01-16 00:00:00+00:00,7.34e-05
2026-01-16 08:00:00+00:00,7.337e-05
2026-01-16 16:00:00.001000+00:00,2.495e-05
2026-01-17 00:00:00+00:00,-1.78e-06
2026-01-17 08:00:00+00:00,3.007e-05
2026-01-17 16:00:00.002000+00:00,2.976e-05
2026-01-18 00:00:00.001000+00:00,3.503e-05
2026-01-18 08:00:00+00:00,9.616e-05
2026-01-18 16:00:00+00:00,6.571e-05
2026-01-19 00:00:00.007000+00:00,3.473e-05
2026-01-19 08:00:00.007000+00:00,1.943e-05
2026-01-19 16:00:00.007000+00:00,2.494e-05
2026-01-20 00:00:00.005000+00:00,9.819e-05
2026-01-20 08:00:00.001000+00:00,6.626e-05
2026-01-20 16:00:00.009000+00:00,5.652e-05
2026-01-21 00:00:00.001000+00:00,0.0001
2026-01-21 08:00:00.011000+00:00,6.055e-05
2026-01-21 16:00:00.011000+00:00,2.41e-05
2026-01-22 00:00:00.010000+00:00,6.355e-05
2026-01-22 08:00:00.003000+00:00,5.11e-05
2026-01-22 16:00:00.005000+00:00,9.419e-05
2026-01-23 00:00:00.005000+00:00,5.09e-05
2026-01-23 08:00:00+00:00,3.39e-05
2026-01-23 16:00:00.011000+00:00,6.968e-05
2026-01-24 00:00:00.011000+00:00,1.531e-05
2026-01-24 08:00:00.002000+00:00,8.909e-05
2026-01-24 16:00:00.001000+00:00,3.901e-05
2026-01-25 00:00:00.002000+00:00,1.336e-05
2026-01-25 08:00:00.011000+00:00,8.051e-05
2026-01-25 16:00:00.005000+00:00,4.917e-05
2026-01-26 00:00:00+00:00,4.067e-05
2026-01-26 08:00:00.003000+00:00,2.847e-05
2026-01-26 16:00:00+00:00,5.606e-05
2026-01-27 00:00:00.002000+00:00,4.267e-05
2026-01-27 08:00:00+00:00,6.028e-05
2026-01-27 16:00:00+00:00,7.503e-05
2026-01-28 00:00:00+00:00,6.237e-05
2026-01-28 08:00:00+00:00,6.174e-05
2026-01-28 16:00:00+00:00,3.83e-05
2026-01-29 00:00:00+00:00,7.21e-05
2026-01-29 08:00:00.009000+00:00,5.856e-05
2026-01-29 16:00:00+00:00,4.023e-05
2026-01-30 00:00:00.008000+00:00,4.478e-05
2026-01-30 08:00:00+00:00,1.714e-05
2026-01-30 16:00:00.001000+00:00,3.1e-06
2026-01-31 00:00:00+00:00,9.693e-05
2026-01-31 08:00:00.001000+00:00,3.548e-05
2026-01-31 16:00:00.009000+00:00,6.585e-05
2026-02-01 00:00:00.001000+00:00,-3.267e-05
2026-02-01 08:00:00.004000+00:00,3.421e-05
2026-02-01 16:00:00+00:00,1.722e-05
2026-02-02 00:00:00+00:00,6.8e-07
2026-02-02 08:00:00.014000+00:00,-3.043e-05
2026-02-02 16:00:00+00:00,-5.713e-05
2026-02-03 00:00:00+00:00,-2.203e-05
2026-02-03 08:00:00.007000+00:00,2.245e-05
2026-02-03 16:00:00+00:00,-4.65e-06
2026-02-04 00:00:00.002000+00:00,1.19e-06
2026-02-04 08:00:00.007000+00:00,3.551e-05
2026-02-04 16:00:00+00:00,4.618e-05
2026-02-05 00:00:00.011000+00:00,9.173e-05
2026-02-05 08:00:00+00:00,2.98e-06
2026-02-05 16:00:00.007000+00:00,-4.957e-05
2026-02-06 00:00:00+00:00,-1.597e-05
2026-02-06 08:00:00.001000+00:00,-0.00013688
2026-02-06 16:00:00+00:00,-0.00013478
2026-02-07 00:00:00.003000+00:00,-0.00015178
2026-02-07 08:00:00+00:00,-8.326e-05
2026-02-07 16:00:00.010000+00:00,-2.907e-05
2026-02-08 00:00:00.003000+00:00,-3.403e-05
2026-02-08 08:00:00+00:00,-3.546e-05
2026-02-08 16:00:00+00:00,-4.864e-05
2026-02-09 00:00:00.002000+00:00,-3.075e-05
2026-02-09 08:00:00.001000+00:00,1.846e-05
2026-02-09 16:00:00.007000+00:00,-4.284e-05
2026-02-10 00:00:00+00:00,-8.798e-05
2026-02-10 08:00:00.007000+00:00,-4.829e-05
2026-02-10 16:00:00+00:00,-8.816e-05
2026-02-11 00:00:00+00:00,1.4e-05
2026-02-11 08:00:00.006000+00:00,-8.417e-05
2026-02-11 16:00:00+00:00,-1.169e-05
2026-02-12 00:00:00+00:00,-1.381e-05
2026-02-12 08:00:00.001000+00:00,3.499e-05
2026-02-12 16:00:00.001000+00:00,-1.728e-05
2026-02-13 00:00:00.007000+00:00,5.834e-05
2026-02-13 08:00:00.003000+00:00,7.16e-06
2026-02-13 16:00:00.005000+00:00,-1.274e-05
2026-02-14 00:00:00.002000+00:00,1.291e-05
2026-02-14 08:00:00.004000+00:00,3.174e-05
2026-02-14 16:00:00.002000+00:00,-3.094e-05
2026-02-15 00:00:00+00:00,-1.068e-05
2026-02-15 08:00:00.002000+00:00,4.664e-05
2026-02-15 16:00:00+00:00,-2.371e-05
2026-02-16 00:00:00.001000+00:00,2.659e-05
2026-02-16 08:00:00.003000+00:00,-3.277e-05
2026-02-16 16:00:00+00:00,-4.112e-05
2026-02-17 00:00:00.008000+00:00,5.883e-05
2026-02-17 08:00:00.001000+00:00,2.672e-05
2026-02-17 16:00:00.002000+00:00,5.077e-05
2026-02-18 00:00:00+00:00,3.215e-05
2026-02-18 08:00:00+00:00,-1.41e-06
2026-02-18 16:00:00.011000+00:00,3.604e-05
2026-02-19 00:00:00.013000+00:00,-4.014e-05
2026-02-19 08:00:00+00:00,2.686e-05
2026-02-19 16:00:00.003000+00:00,-3.052e-05
2026-02-20 00:00:00+00:00,5.365e-05
2026-02-20 08:00:00+00:00,1.302e-05
2026-02-20 16:00:00+00:00,-6.71e-06
2026-02-21 00:00:00.004000+00:00,4.456e-05
2026-02-21 08:00:00+00:00,2.485e-05
2026-02-21 16:00:00.005000+00:00,3.235e-05
2026-02-22 00:00:00.001000+00:00,7.3e-06
2026-02-22 08:00:00.004000+00:00,4.2e-07
2026-02-22 16:00:00+00:00,4.972e-05
2026-02-23 00:00:00.001000+00:00,6.946e-05
2026-02-23 08:00:00+00:00,-9.317e-05
2026-02-23 16:00:00+00:00,2.251e-05
2026-02-24 00:00:00.007000+00:00,5.706e-05
2026-02-24 08:00:00+00:00,-1.193e-05
2026-02-24 16:00:00.001000+00:00,-1.82e-06
2026-02-25 00:00:00.001000+00:00,2.375e-05
2026-02-25 08:00:00.007000+00:00,3.3e-07
2026-02-25 16:00:00+00:00,-9.68e-06
2026-02-26 00:00:00+00:00,-1.998e-05
2026-02-26 08:00:00.006000+00:00,-1.128e-05
2026-02-26 16:00:00.002000+00:00,4.007e-05
2026-02-27 00:00:00.007000+00:00,-9.91e-06
2026-02-27 08:00:00+00:00,-8.123e-05
2026-02-27 16:00:00.001000+00:00,-6.56e-06
2026-02-28 00:00:00+00:00,4.041e-05
2026-02-28 08:00:00+00:00,-3.727e-05
2026-02-28 16:00:00.004000+00:00,-4.305e-05
2026-03-01 00:00:00.005000+00:00,-6.88e-06
2026-03-01 08:00:00+00:00,4.563e-05
2026-03-01 16:00:00.002000+00:00,2.948e-05
2026-03-02 00:00:00.001000+00:00,-2.99e-06
2026-03-02 08:00:00.007000+00:00,-1.956e-05
2026-03-02 16:00:00+00:00,-1.083e-05
2026-03-03 00:00:00+00:00,-1.86e-06
2026-03-03 08:00:00+00:00,1.437e-05
2026-03-03 16:00:00.007000+00:00,1.481e-05
2026-03-04 00:00:00.001000+00:00,-5.39e-05
2026-03-04 08:00:00.005000+00:00,2.52e-05
2026-03-04 16:00:00+00:00,4.683e-05
2026-03-05 00:00:00+00:00,3.567e-05
2026-03-05 08:00:00+00:00,4.965e-05
2026-03-05 16:00:00.004000+00:00,1.74e-06
2026-03-06 00:00:00.001000+00:00,1.689e-05
2026-03-06 08:00:00.001000+00:00,-3.061e-05
2026-03-06 16:00:00.004000+00:00,-2.176e-05
2026-03-07 00:00:00.001000+00:00,6.19e-06
2026-03-07 08:00:00.012000+00:00,3.525e-05
2026-03-07 16:00:00.001000+00:00,-4.217e-05
2026-03-08 00:00:00.001000+00:00,-4.496e-05
2026-03-08 08:00:00+00:00,-1.115e-05
2026-03-08 16:00:00.002000+00:00,-2.868e-05
2026-03-09 00:00:00+00:00,-5.77e-05
2026-03-09 08:00:00.004000+00:00,-4.579e-05
2026-03-09 16:00:00.003000+00:00,-3.431e-05
2026-03-10 00:00:00.012000+00:00,-2.394e-05
2026-03-10 08:00:00.002000+00:00,1.23e-05
2026-03-10 16:00:00.001000+00:00,1.738e-05
2026-03-11 00:00:00+00:00,-0.00011052
2026-03-11 08:00:00.007000+00:00,-5.252e-05
2026-03-11 16:00:00.010000+00:00,-5.824e-05
2026-03-12 00:00:00+00:00,-7.802e-05
2026-03-12 08:00:00+00:00,-5.392e-05
2026-03-12 16:00:00+00:00,-7.381e-05
2026-03-13 00:00:00.006000+00:00,-2.789e-05
2026-03-13 08:00:00.001000+00:00,4.263e-05
2026-03-13 16:00:00+00:00,-6.38e-06
2026-03-14 00:00:00.001000+00:00,-3.79e-06
2026-03-14 08:00:00+00:00,-3.988e-05
2026-03-14 16:00:00.007000+00:00,-4.851e-05
2026-03-15 00:00:00+00:00,-1.883e-05
2026-03-15 08:00:00+00:00,-6.461e-05
2026-03-15 16:00:00+00:00,2.659e-05
2026-03-16 00:00:00+00:00,2.513e-05
2026-03-16 08:00:00.010000+00:00,7.139e-05
2026-03-16 16:00:00+00:00,2.015e-05
2026-03-17 00:00:00+00:00,2.41e-06
2026-03-17 08:00:00.002000+00:00,-2.505e-05
2026-03-17 16:00:00.011000+00:00,-1.26e-05
2026-03-18 00:00:00.002000+00:00,-6.569e-05
2026-03-18 08:00:00.002000+00:00,-4.813e-05
2026-03-18 16:00:00.005000+00:00,2.418e-05
2026-03-19 00:00:00+00:00,-9.74e-06
2026-03-19 08:00:00.003000+00:00,-3.012e-05
2026-03-19 16:00:00.003000+00:00,1.205e-05
2026-03-20 00:00:00.002000+00:00,6.25e-06
2026-03-20 08:00:00+00:00,7.53e-06
2026-03-20 16:00:00+00:00,-2.23e-06
2026-03-21 00:00:00+00:00,-1.493e-05
2026-03-21 08:00:00+00:00,-7.38e-06
2026-03-21 16:00:00.014000+00:00,1.093e-05
2026-03-22 00:00:00.012000+00:00,8.06e-06
2026-03-22 08:00:00.007000+00:00,-4.425e-05
2026-03-22 16:00:00.002000+00:00,-6.837e-05
2026-03-23 00:00:00+00:00,-2.079e-05
2026-03-23 08:00:00.003000+00:00,-2.863e-05
2026-03-23 16:00:00.002000+00:00,1.6e-06
2026-03-24 00:00:00+00:00,4.229e-05
2026-03-24 08:00:00+00:00,3.675e-05
2026-03-24 16:00:00.003000+00:00,3.056e-05
2026-03-25 00:00:00+00:00,2.31e-05
