timestamp,capital,unrealized_pnl,equity,btc_price,signal,confidence,position,total_trades
2026-03-23 20:00:00+00:00,10000.0,0.0,10000.0,70915.59,BUY,0.8382,BUY,0
2026-03-24 00:00:00+00:00,9997.65,0.0,9997.65,70679.2,HOLD,0.6341,FLAT,1
2026-03-24 04:00:00+00:00,9997.65,0.0,9997.65,70372.44,HOLD,0.6341,FLAT,1
2026-03-24 08:00:00+00:00,9997.65,0.0,9997.65,70964.15,BUY,1.0,BUY,1
2026-03-24 12:00:00+00:00,9997.65,-0.05,9997.59,70956.48,BUY,0.8382,BUY,1
2026-03-24 16:00:00+00:00,9986.17,0.0,9986.17,69476.87,SELL,0.0889,SELL,2
2026-03-24 20:00:00+00:00,9980.74,0.0,9980.74,70093.19,HOLD,0.6341,FLAT,3
2026-03-25 00:00:00+00:00,9980.74,0.0,9980.74,70840.75,BUY,0.8382,BUY,3
2026-03-25 01:00:00+00:00,9979.62,0.0,9979.62,70802.55,CLOSE,0.0,FLAT,4
