Date,spec_long,spec_short,spec_net,comm_long,comm_short,comm_net,lev_long,lev_short,lev_net,open_interest,cot_spec_net_norm,cot_spec_net_change,cot_comm_net_norm,cot_spec_zscore,cot_oi_change
2020-01-07,341010,139549,201461,25266,157726,-132460,42151,159703,-117552,555940,0.3623790337086736,0.0,-0.23826312191963162,0.0,0.0
2020-01-14,341560,148751,192809,27371,165063,-137692,41577,150952,-109375,571239,0.33752772482270993,0.0,-0.24104096534025163,0.0,0.027519156743533557
2020-01-21,345091,156105,188986,26912,169292,-142380,46342,147131,-100789,582164,0.3246267374829086,0.0,-0.2445702585525728,0.0,0.019125094750183314
2020-01-28,348865,177105,171760,31072,158705,-127633,55726,159127,-103401,598793,0.28684370057766206,0.0,-0.21315045433062846,0.0,0.028564115953580105
2020-02-04,354830,176008,178822,30736,147847,-117111,46758,163930,-117172,594698,0.3006937975241215,0.7683812528901341,-0.19692516201500593,0.0,-0.006838757300102083
2020-02-11,374399,171729,202670,27850,145522,-117672,44521,178070,-133549,612444,0.33092005146592995,1.967299665077296,-0.19213511765973706,0.0,0.0298403559453706
2020-02-18,364356,176239,188117,31811,135546,-103735,48476,186683,-138207,617487,0.3046493286498339,-1.1616997498802617,-0.16799543958010452,0.0,0.0082342222309304
2020-02-25,371589,178431,193158,32179,122225,-90046,49751,195284,-145533,625563,0.3087746557900643,0.43996010223801507,-0.14394393530307897,0.3272392276904351,0.013078817853655167
2020-03-03,376688,142371,234317,29626,170652,-141026,42754,183133,-140379,640357,0.36591619986976015,2.713094492600771,-0.2202302777981657,2.225032536383748,0.02364909689351835
2020-03-10,407364,103946,303418,30452,284950,-254498,38294,145905,-107611,659151,0.4603163766724165,3.265214081327278,-0.3860996949105744,2.557286959416543,0.0293492536194655
2020-03-17,381361,97512,283849,35155,306928,-271773,38965,101775,-62810,588116,0.4826411796312292,-0.9317062951712579,-0.4621078154649763,1.6436326475365204,-0.10776741596386863
2020-03-24,353661,96182,257479,34420,294478,-260058,43370,85717,-42347,571086,0.45085853969454687,-1.2270096952674234,-0.45537449701095806,0.9492877425529566,-0.028956872453733573
2020-03-31,339477,84875,254602,35658,300144,-264486,43712,79721,-36009,551752,0.46144282213748206,-0.14428224556065883,-0.47935666748829187,0.8245883716205331,-0.033854795950172156
2020-04-07,335104,88094,247010,30805,309723,-278918,48500,76019,-27519,554697,0.44530617616464485,-0.39978450458332826,-0.5028294726670597,0.6154676759495646,0.005337542954080732
2020-04-14,328993,86037,242956,30783,309033,-278250,51052,72530,-21478,543361,0.44713551395849166,-0.22618530488946986,-0.5120904886438298,0.4972825976463601,-0.020436382385338292
2020-04-21,329495,87086,242409,31161,306834,-275673,53217,72546,-19329,546661,0.44343569415048817,-0.03262762750821158,-0.5042851053943852,0.4658577955646606,0.006073310377447072
2020-04-28,321211,91655,229556,36440,295274,-258834,55128,74633,-19505,545082,0.42114030549531994,-0.7780060304093036,-0.47485332482085263,0.13677409956536762,-0.002888444575340099
2020-05-05,316209,93995,222214,37803,287314,-249511,54435,78604,-24169,541624,0.4102735477009881,-0.4594340907501408,-0.4606719790851218,-0.05342281478606168,-0.006343999618406038
2020-05-12,317583,98656,218927,44682,287340,-242658,51313,78126,-26813,547329,0.399991595548564,-0.21518352027233448,-0.4433494296848879,-0.1382119587320166,0.010533137379436619
2020-05-19,318462,105510,212952,42690,281244,-238554,48455,79962,-31507,547206,0.3891623995350928,-0.40410278680530093,-0.4359491672240436,-0.29554428736708094,-0.00022472772317927436
2020-05-26,326808,106700,220108,40084,288477,-248393,52480,83302,-30822,556749,0.3953451196140451,0.4967943711448278,-0.44614898275524517,-0.0904704446689175,0.017439501759849207
2020-06-02,332769,98620,234149,36698,304195,-267497,52066,83119,-31053,583384,0.40136342443399203,0.9759472806227825,-0.45852645941609643,0.3102666383989455,0.04784022961873302
2020-06-09,340150,86791,253359,38029,329966,-291937,51348,84377,-33029,592915,0.42731082870225917,1.3151883686336505,-0.49237580428897904,0.8481326635984389,0.016337438119660375
2020-06-16,344850,89413,255437,26123,335609,-309486,47845,66789,-18944,574939,0.44428539375481574,0.14777871224676578,-0.5382936276718052,0.8762903509877225,-0.03031800511034466
2020-06-23,345739,90847,254892,27230,345072,-317842,52353,67326,-14973,585421,0.43539948174049103,-0.04037523035180161,-0.5429289349032577,0.8305540948833812,0.018231499341669233
2020-06-30,351181,92171,259010,26432,334405,-307973,45082,76489,-31407,579738,0.446770782663893,0.31379637221522866,-0.5312278994994291,0.9205724064287825,-0.009707543801811047
2020-07-07,352516,84610,267906,27430,354567,-327137,49579,76501,-26922,593341,0.45152113203031646,0.6863891980117219,-0.5513473702306094,1.0999681953905334,0.023464047552515188
2020-07-14,372201,77041,295160,26642,372706,-346064,53992,79311,-25319,604982,0.4878822841010146,1.9928285575276241,-0.572023630455121,1.7309335239126202,0.019619409412125588
2020-07-21,385659,72042,313617,26776,404926,-378150,59583,74578,-14995,636212,0.4929441758407575,1.2962391717155892,-0.5943773459161411,2.0130216210015393,0.051621370553173396
2020-07-28,399479,69796,329683,27052,448326,-421274,78712,84562,-5850,678965,0.4855670027173713,1.1318652435571235,-0.6204649724212589,2.2065991553932403,0.06719929834709193
2020-08-04,401811,69106,332705,27191,478174,-450983,91850,80218,11632,704875,0.47200567476502925,0.21525926615910207,-0.6398056392977478,2.0707192587691146,0.03816102450052661
2020-08-11,401216,68210,333006,27562,493403,-465841,96780,66321,30459,706458,0.4713740944259956,0.022918960710353067,-0.6594036729713585,1.8660726485410364,0.0022457882603299506
2020-08-18,406235,68912,337323,28605,496669,-468064,93893,62324,31569,704050,0.47911796037213267,0.3388662794208219,-0.6648164192884028,1.812252976365827,-0.0034085536578253306
2020-08-25,407293,75184,332109,28911,497753,-468842,89098,52003,37095,704077,0.4716941470890258,-0.4090633401830411,-0.6658959176340088,1.5699162898011476,3.834954903769727e-05
2020-09-01,400263,80842,319421,31676,481908,-450232,86169,54361,31808,698211,0.4574849150185259,-1.0889908559733272,-0.6448365895123394,1.1619976658892548,-0.008331475108546371
2020-09-08,399945,85572,314373,29386,469084,-439698,81097,51168,29929,690782,0.45509726657614125,-0.549437576660792,-0.6365220865627651,1.0202873805077723,-0.010640050070823914
2020-09-15,394974,90237,304737,29085,447861,-418776,67043,47965,19078,658174,0.4630037041876464,-1.0943112726256203,-0.6362694363496583,0.7626437502458883,-0.047204472612198956
2020-09-22,390535,89840,300695,28166,448397,-420231,74981,51976,23005,666412,0.4512148640780778,-0.5086343748790026,-0.6305873843808335,0.6242172059476089,0.012516447018569465
2020-09-29,376743,89581,287162,29604,443074,-413470,77163,48037,29126,655912,0.43780568124992375,-1.6194355462277699,-0.6303741965385601,0.2771069808359257,-0.015756018799181315
2020-10-06,377765,74010,303755,31976,452591,-420615,68151,50728,17423,652135,0.4657854585323591,1.9066260667423867,-0.6449814838952057,0.6180215077777174,-0.005758394418763468
2020-10-13,374580,70287,304293,30856,443178,-412322,63825,53514,10311,646165,0.47092151385482034,0.06279488411138595,-0.6381063660210627,0.57909356390589,-0.009154546221257887
2020-10-20,367379,68726,298653,32301,442622,-410321,67693,57879,9814,644667,0.4632670820749317,-0.6435813034891376,-0.636485193130717,0.39876420208414337,-0.0023182933151749685
2020-10-27,361781,68119,293662,35755,432981,-397226,60841,56428,4413,636778,0.4611685705222228,-0.5898776296888921,-0.6238060988287912,0.22635056025455094,-0.012237325627029172
2020-11-03,361060,74836,286224,44816,417511,-372695,49641,59764,-10123,627754,0.455949304982525,-0.8787008596717617,-0.593695938217837,-0.02174771934275047,-0.014171343859241348
2020-11-10,367868,74038,293830,43504,426295,-382791,56591,59918,-3327,638993,0.4598328933180802,0.8812538156798261,-0.5990535107583338,0.11015182616585929,0.0179035099736522
2020-11-17,369264,67796,301468,42782,428115,-385333,55787,61398,-5611,637946,0.4725603734485364,0.8784514256898428,-0.604021343499293,0.2560331851806818,-0.0016385156018923208
2020-11-24,374819,66193,308626,40647,438130,-397483,57894,59428,-1534,644566,0.47881209992460044,0.823239025425978,-0.6166676492399537,0.4224403284358318,0.010377053857222984
2020-12-01,367187,67560,299627,46995,439274,-392279,64671,59125,5546,654257,0.4579652949834698,-1.058581343371368,-0.5995793701863336,0.01467913713699964,0.01503492272319673
2020-12-08,371598,71244,300354,44128,448295,-404167,72412,58873,13539,683351,0.43953107553804704,0.09332339305727673,-0.5914486113285852,-0.030631287803175,0.04446876380382636
2020-12-15,377303,72034,305269,35770,451853,-416083,66504,48447,18057,657046,0.464608261826417,0.6222124841756743,-0.6332631200859605,0.10721309329387724,-0.0384941267372112
2020-12-21,380121,69671,310450,34542,455340,-420798,68772,50411,18361,659499,0.47073611938759574,0.6414082736553405,-0.6380570705944967,0.28108786548439063,0.0037333763541669285
2020-12-29,397781,69960,327821,32291,472333,-440042,68234,51624,16610,671643,0.48808816588574583,2.0228782320877507,-0.6551724651340072,1.182023545787658,0.018413977883211308
2021-01-05,398567,67572,330995,34129,473829,-439700,67843,54977,12866,673532,0.4914317359828486,0.37933871761044735,-0.6528271856422561,1.3434403378559354,0.002812506048600172
2021-01-12,397611,69775,327836,31649,479348,-447699,72119,48463,23656,677952,0.48356815821769095,-0.42457043607716644,-0.6603697606910224,1.0543779519055867,0.006562420196813301
2021-01-19,388004,56895,331109,32544,492392,-459848,80097,48853,31244,676515,0.48943334589772586,0.4773599299930442,-0.6797306785511038,1.1858950408188624,-0.002119619088077007
2021-01-26,389037,55550,333487,35335,494670,-459335,76457,46921,29536,677432,0.49228114408531043,0.37567140600315957,-0.6780532953861051,1.310291253233336,0.0013554762274303744
2021-02-02,381415,54720,326695,34702,476340,-441638,73530,51409,22121,675520,0.48362002605400284,-1.048957528957529,-0.6537748697299858,0.9200584390831045,-0.002822423505237426
2021-02-09,386455,53379,333076,29639,476896,-447257,70898,48435,22463,673116,0.4948270431842357,0.9511322593590551,-0.6644575377795209,1.320127335252489,-0.0035587399336807213
2021-02-16,396030,56623,339407,28131,479310,-451179,68136,48708,19428,675761,0.5022589347417208,0.932907891455646,-0.6676606078184447,1.697821804011279,0.003929486150975547
2021-02-23,402165,57490,344675,28603,483691,-455088,72092,54006,18086,696916,0.49457179918383276,0.7760314564470986,-0.6530026574221284,1.9015374739853863,0.031305446748184584
2021-03-02,402346,65297,337049,31023,467221,-436198,73422,55194,18228,698229,0.4827198526557906,-1.1565598824050958,-0.6247205429737235,1.358623542241293,0.001884014716264204
2021-03-09,394927,70728,324199,33499,444345,-410846,64247,64173,74,722123,0.44895260225751016,-1.8640020531360537,-0.5689418561657779,0.5980138552468028,0.034220864501474546
2021-03-16,404576,66921,337655,26711,430548,-403837,48912,60735,-11823,638977,0.5284306007884478,1.9111756929497754,-0.6320055338455062,1.2535279665760037,-0.1151410493780145
2021-03-23,398839,69324,329515,27253,431005,-403752,51452,58114,-6662,641428,0.5137209476355881,-1.130821346897775,-0.6294580217888835,0.7444488633565401,0.0038358188166396356
2021-03-30,385040,79882,305158,34931,416782,-381851,57133,63913,-6780,645121,0.4730244403763015,-3.1987170421254674,-0.5919060145306074,-0.6692462687015713,0.005757466153644586
2021-04-06,390933,76823,314110,34432,414427,-379995,53206,65295,-12089,642671,0.4887570778827736,1.2228287424017148,-0.5912745401612955,-0.17637013788829772,-0.003797737168686144
2021-04-13,393478,72885,320593,33974,421920,-387946,55274,65489,-10215,648681,0.49422289229991323,0.8587454912269976,-0.5980535887439281,0.16811113021798937,0.009351596695665432
2021-04-20,393760,63317,330443,33403,449085,-415682,61556,61540,16,661640,0.49943020373617075,1.277344957953854,-0.6282600810108216,0.6903798808189793,0.01997746195741823
2021-04-27,396062,66117,329945,37516,457177,-419661,63322,63360,-38,672072,0.4909369829423038,-0.06606088744445181,-0.6244286326465022,0.6018398092144375,0.01576688229248524
2021-05-04,398683,65948,332735,37028,460132,-423104,59981,63801,-3820,677397,0.4911964475780082,0.37908995416847396,-0.6246027071274305,0.7311000749479044,0.007923258222333418
2021-05-11,406686,67350,339336,28318,476767,-448449,72130,69703,2427,697211,0.4867048856085174,0.9016433059449009,-0.6432041376283507,1.1318107596367817,0.02925020335194861
2021-05-18,440386,66190,374196,27823,507106,-479283,70419,73738,-3319,727631,0.5142661596331107,4.165831686353817,-0.6586896380170718,2.9528231127673217,0.04363098115204722
2021-05-25,445783,67407,378376,27676,516244,-488568,70981,73484,-2503,738138,0.5126087533767398,0.5064494482552938,-0.6618924916479032,2.637804530847053,0.014440011489340154
2021-06-01,452078,67875,384203,27372,521623,-494251,69560,69723,-163,742079,0.5177386774184419,0.7165925645634282,-0.6660355568611968,2.520023117071497,0.005339110030915695
2021-06-08,453297,66384,386913,23841,517905,-494064,63558,70560,-7002,743159,0.5206328659142929,0.3301734277400037,-0.6648160084181178,2.3174044317827502,0.001455370654606769
2021-06-15,454721,68198,386523,16470,501518,-485048,49079,51822,-2743,694722,0.5563707497387445,-0.04854508373308822,-0.698190067393864,2.045510883441295,-0.06517716935406825
2021-06-22,448787,84289,364498,19485,457928,-438443,52382,68507,-16125,694804,0.5246055002561874,-2.5369702554469655,-0.6310311972872925,1.0168627992255246,0.0001180328246406237
2021-06-29,450042,86760,363282,21157,455454,-434297,51345,64095,-12750,697425,0.5208904183245511,-0.15086344701217272,-0.6227149872746174,0.8955056095013013,0.0037722868607550364
2021-07-06,445331,94060,351271,24503,441656,-417153,52702,68652,-15950,699383,0.5022584192066436,-1.4298547645647517,-0.5964585927882148,0.3442469015440329,0.0028074703373122123
2021-07-13,426597,96349,330248,25282,413540,-388258,59722,81863,-22141,688952,0.4793483435711051,-2.3134660639612643,-0.563548694248656,-0.5713091076393794,-0.014914574703703165
2021-07-20,413093,108926,304167,43547,386877,-343330,54722,88458,-33736,683075,0.4452907806609816,-2.6174018434745014,-0.5026241627932511,-1.5792917814600262,-0.008530347542354155
2021-07-27,401410,113184,288226,44381,375205,-330824,53235,86419,-33184,678008,0.42510707838255596,-1.5202007049615058,-0.48793524560182183,-1.9861254423016617,-0.0074179262892069
2021-08-03,397915,109126,288789,45158,373396,-328238,51182,88923,-37741,674491,0.4281584187187079,0.05494538493299801,-0.48664548526221996,-1.7883848019034096,-0.005187254427676424
2021-08-10,408653,122303,286350,54108,375546,-321438,59526,97549,-38023,702098,0.40784904671427635,-0.24160659585168479,-0.45782497600050137,-1.7004105743723208,0.040930123604318025
2021-08-17,400826,126330,274496,50534,368099,-317565,58690,92187,-33497,694792,0.39507651210722056,-1.1500535465743251,-0.4570648481847805,-1.861691748616261,-0.010405954724269306
2021-08-24,397176,133097,264079,51406,361523,-310117,62532,83371,-20839,698547,0.3780404181823127,-0.9915867320787874,-0.4439457903333634,-1.9235741529549444,0.005404495158263245
2021-08-31,402394,132336,270058,50492,359275,-308783,56161,94209,-38048,705110,0.3830012338500376,0.572589348528323,-0.4379217427068117,-1.5903714626754146,0.009395216069927992
2021-09-07,406694,122155,284539,42340,376699,-334359,51065,82340,-31275,696734,0.4083897154437705,1.3785167176813462,-0.4798947661517882,-1.1292335401271183,-0.011878997603210872
2021-09-14,410293,120563,289730,20864,360165,-339301,48022,74166,-26144,653102,0.443621363891092,0.5095767936902277,-0.5195222185814773,-0.9292988020865983,-0.0626236124546814
2021-09-21,424705,134554,290151,20461,350717,-330256,50898,80625,-29727,663519,0.4372911702603844,0.04256825075834176,-0.49773405132332305,-0.8658364421640478,0.01595003536966666
2021-09-28,412831,139678,273153,28469,326257,-297788,53203,98491,-45288,668067,0.4088706671636228,-1.7693419435425433,-0.44574571113376354,-1.2308575977972274,0.00685436287431096
2021-10-05,417831,143470,274361,44500,318567,-274067,51655,123129,-71474,693591,0.39556597476034144,0.12976528382024236,-0.3951420938276304,-1.1330659908011116,0.03820574882459393
2021-10-12,404022,145599,258423,54801,315390,-260589,58428,122030,-63602,695329,0.3716557198103344,-1.6477184164903855,-0.3747707919560381,-1.3977482270554071,0.0025057995273871647
2021-10-19,406741,150711,256030,45718,315402,-269684,49927,103118,-53191,679418,0.3768372342210539,-0.25495523183149954,-0.3969338463214104,-1.3363164248828778,-0.022882692941039395
2021-10-26,395117,152724,242393,52966,308571,-255605,55993,106564,-50571,680374,0.35626434872584783,-1.37868524811995,-0.3756830801882494,-1.492580956865769,0.0014070866535771387
2021-11-02,391933,157316,234617,54829,313129,-258300,55382,96689,-41307,678024,0.34603052399325096,-0.771193164479707,-0.380959966018902,-1.5064590218178464,-0.0034539826624767622
2021-11-09,391470,156198,235272,48816,315316,-266500,55225,90357,-35132,678368,0.34682060474550686,0.06646787451115084,-0.3928546157837634,-1.3669505099185297,0.0005073566717401778
2021-11-16,392640,169012,223628,59015,311430,-252415,60703,101120,-40417,705698,0.31688909420176903,-1.299341625250002,-0.35768133110764094,-1.4700838829350071,0.04028786735223355
2021-11-23,391874,178489,213385,60870,291932,-231062,61527,111496,-49969,711685,0.2998306835186916,-1.1140169245506377,-0.32466891953603066,-1.5444808517516897,0.008483799018843774
2021-11-30,385081,175889,209192,56898,288928,-232030,59415,109863,-50448,705409,0.29655419763569785,-0.4591642904977109,-0.3289297414691335,-1.5237371250627734,-0.008818508188313645
2021-12-07,390842,159731,231111,49367,297138,-247771,54321,102069,-47748,716213,0.3226847320559666,2.220631555978117,-0.34594596858755705,-1.0393755257376665,0.015315937278940206
2021-12-14,398080,165996,232084,30793,272703,-241910,51027,104672,-53645,661711,0.3507331750567846,0.09835198799466603,-0.3655825579444803,-0.9842884523448836,-0.07609747379620313
2021-12-21,402253,169087,233166,30687,274735,-244048,56120,107792,-51672,672239,0.3468498554829458,0.11906414532157308,-0.3630375506330338,-0.9147292641637741,0.015910268984496323
2021-12-28,403923,167507,236416,31727,281161,-249434,57637,108038,-50401,673273,0.3511443352102342,0.3545801686878436,-0.3704797311046188,-0.7998796194882579,0.001538143428155836
2022-01-04,399303,172641,226662,40946,288602,-247656,53226,103086,-49860,678218,0.3342022771439272,-1.074351946384922,-0.36515692594416543,-1.0651940663120185,0.007344717521718502
2022-01-11,400495,166713,233782,41212,296028,-254816,58385,106059,-47674,682293,0.3426416510208957,0.833310826018456,-0.37347004879135504,-0.7973766883318775,0.006008392581736244
2022-01-18,406819,155118,251701,45281,320280,-274999,59745,103523,-43778,691882,0.3637918026484285,2.1771968521599345,-0.3974651746974195,-0.08521359577554695,0.014054079405768416
2022-01-25,400657,141770,258887,43234,324134,-280900,60810,104453,-43643,682952,0.379070564256346,0.9103604196206263,-0.4113026977005705,0.24348127752087803,-0.012906825152265822
2022-02-01,395461,149088,246373,41270,318116,-276846,60108,103297,-43189,685431,0.3594424529967276,-1.4981029910122292,-0.4039006114401012,-0.19948058799722262,0.0036298305005328935
2022-02-08,407945,130416,277529,40688,355853,-315165,63922,97767,-33845,700098,0.3964145019697242,3.294236298347709,-0.450172690109099,1.1360426621909196,0.02139821513762863
2022-02-15,417318,125531,291787,41787,373838,-332051,52391,91413,-39022,702047,0.41562317052846887,1.4929542296772114,-0.4729754560592097,1.6493835105188168,0.002783895968849981
2022-02-22,411663,119281,292382,41363,383445,-342082,50013,80598,-30585,696682,0.41967784441107997,0.06486835539640143,-0.49101598720793704,1.553819048329887,-0.007641938502692791
2022-03-01,411611,136712,274899,45213,378090,-332877,65510,83665,-18155,719975,0.38181742421611864,-1.818326552980755,-0.46234522032015,0.8592077037155185,0.03343419235748879
2022-03-08,398633,158114,240519,46429,336761,-290332,83687,90574,-6887,738990,0.3254698981041692,-3.3120650941508636,-0.392876764232263,-0.4211547989812562,0.026410639258307667
2022-03-15,392453,159254,233199,41240,295463,-254223,60296,86916,-26620,666010,0.35014339124037175,-0.6996672977593147,-0.38171048482755515,-0.6544033030615383,-0.09875641077687114
2022-03-22,381083,152619,228464,37793,297599,-259806,67389,82786,-15397,658817,0.34677915111480123,-0.44551965229852825,-0.39435230117012765,-0.7935060406695236,-0.010800138136064064
2022-03-29,383102,148267,234835,35965,309821,-273856,68790,78753,-9963,662415,0.35451340926760416,0.6234277498852098,-0.41342058981152296,-0.46000615168446796,0.005461304125424782
2022-04-05,388228,164907,223321,33739,296835,-263096,69051,74903,-5852,663589,0.3365351143554218,-1.0846207356308513,-0.3964743237154323,-0.9086291705568358,0.0017723028614993197
2022-04-12,387713,175806,211907,40466,299812,-259346,79273,71866,7407,678607,0.31226763060210105,-1.0931178264649113,-0.3821740712960521,-1.3154107994786717,0.022631478219198975
2022-04-19,393537,180014,213523,39464,288777,-249313,70868,75909,-5041,675939,0.315890930986376,0.15520839874846237,-0.3688394958716689,-1.1478092605618524,-0.003931583375945125
2022-04-26,393949,185865,208084,39397,286236,-246839,76345,87058,-10713,688449,0.30225042087358683,-0.5387015302332492,-0.3585436248727211,-1.2828439006422971,0.018507587223107302
2022-05-03,380941,190813,190128,52040,281672,-229632,76413,96578,-20165,694926,0.2735945985615735,-1.7120455903978526,-0.3304409390352354,-1.830151080857893,0.009408104304022613
2022-05-10,396166,184759,211407,42305,292660,-250355,80967,99030,-18063,705046,0.29984852052206523,1.8862239314316107,-0.3550903061644205,-0.9388149376653034,0.014562701640174591
2022-05-17,392337,176340,215997,41032,305941,-264909,84236,99212,-14976,706712,0.3056365252040435,0.41689518932155845,-0.3748471796148926,-0.7448158744288771,0.0023629663880087026
2022-05-24,397748,169586,228162,40662,321857,-281195,80090,91273,-11183,708938,0.32183632419196034,1.0975393936449662,-0.3966425836956123,-0.30393035785122985,0.003149797937490817
2022-05-31,402783,161868,240915,35000,335539,-300539,81461,84256,-2795,706317,0.3410862261562443,1.1173986742647628,-0.4255015807349958,0.1476397692576982,-0.003697079293252692
2022-06-07,404081,156715,247366,28061,340286,-312225,79551,77302,2249,730667,0.3385482032170606,0.5963103461761349,-0.42731504228328365,0.3785918111871557,0.03447460559493831
2022-06-14,390016,167020,222996,31837,308700,-276863,67595,78227,-10632,668164,0.3337444100550164,-2.079692782354679,-0.41436383881801475,-0.5714264364050937,-0.08554238798248726
2022-06-21,380395,164806,215589,36272,312443,-276171,73266,75862,-2596,671718,0.3209516493528534,-0.6192446823903921,-0.4111412825024787,-0.8255749614026962,0.0053190534060501005
2022-06-28,385596,153367,232229,37179,324812,-287633,70552,72913,-2361,671472,0.3458506088116854,1.3337238158361207,-0.4283618676579217,-0.1715758282922297,-0.00036622511232387023
2022-07-05,385010,154984,230026,31377,303539,-272162,78194,87788,-9594,673772,0.34140035501623694,-0.18078236552895208,-0.4039378306014497,-0.2627444264957048,0.003425310362904277
2022-07-12,374628,166915,207713,43994,291498,-247504,77104,84726,-7622,682031,0.30455067291662696,-1.7472615178886055,-0.3628925957911004,-1.0671467969633872,0.012257855773169624
2022-07-19,368811,171675,197136,63479,292560,-229081,70143,93138,-22995,694106,0.28401425718838336,-0.8469809199685849,-0.33003748706969827,-1.3465484847095792,0.017704473843564328
2022-07-26,373668,165022,208646,57558,290127,-232569,73744,104779,-31035,694099,0.30059977034976276,0.909579981094742,-0.33506603524857403,-0.853558312503199,-1.0084914984220816e-05
2022-08-02,381487,162742,218745,48526,296921,-248395,69879,92579,-22700,683883,0.3198573440193717,0.803976803003117,-0.3632127132857521,-0.44185356451537444,-0.014718361501745436
2022-08-09,381233,169844,211389,54964,301203,-246239,72779,89387,-16608,692398,0.3052998419983882,-0.6316373508061587,-0.35563216531532443,-0.6570644854296817,0.012450960178860937
2022-08-16,384008,177485,206523,59450,297836,-238386,70967,93137,-22170,698570,0.29563680089325334,-0.4312036046107388,-0.34124855061053294,-0.8241519877487261,0.008913948336072508
2022-08-23,382815,192609,190206,66610,288729,-222119,82015,100897,-18882,717921,0.264940014291266,-1.372400719452388,-0.309391980454674,-1.6559334023241898,0.027700874643915352
2022-08-30,379784,198846,180938,70672,277352,-206680,76078,101436,-25358,720081,0.2512745093954708,-0.8008002419336079,-0.2870232654381938,-2.181860470870156,0.0030086875854029582
2022-09-06,384864,195063,189801,65842,281751,-215909,74344,97788,-23444,721678,0.2629995649029068,0.8367635951661632,-0.2991763639739607,-1.5201668836131925,0.00221780605237476
2022-09-13,394065,166918,227147,47324,301593,-254269,68149,96774,-28625,742244,0.3060273979985018,3.1792363252984432,-0.34256794261725254,0.7246140607015831,0.028497473942672435
2022-09-20,389710,161836,227874,26727,277641,-250914,69575,97378,-27803,657952,0.34633833471134673,0.06271192063966026,-0.38135608676620786,0.7706557142674932,-0.1135637337587101
2022-09-27,377486,161306,216180,25831,273975,-248144,75359,102250,-26891,654142,0.33047870340079066,-0.991233417988935,-0.3793427115213516,0.11175424985143521,-0.005790695977822113
2022-10-04,375722,161605,214117,30698,269016,-238318,68913,87224,-18311,640458,0.33431856577636626,-0.18042801111402643,-0.37210558693934653,0.005531049631919195,-0.020919005353577713
2022-10-11,377407,167700,209707,30929,273318,-242389,64598,83788,-19190,639348,0.32800133886396765,-0.3950006545449535,-0.37911904002202246,-0.2648585660144727,-0.0017331347254621043
2022-10-18,378799,160805,217994,29421,287972,-258551,69229,80045,-10816,640469,0.3403662003937739,0.725585875015575,-0.40369010834248026,0.24212726522459174,0.001753348724012671
2022-10-25,386505,147094,239411,28695,310389,-281694,83693,88897,-5204,666719,0.35908831156754195,1.779462941836275,-0.4225078331350989,1.4418326842593263,0.040985590247146986
2022-11-01,388553,131227,257326,27000,341879,-314879,88366,84155,4211,671729,0.3830800814018749,1.488689171135813,-0.4687589786952774,2.2126843994943335,0.007514410118805603
2022-11-08,385994,123303,262691,28388,351100,-322712,81850,75031,6819,667902,0.3933077008303613,0.46970758185956923,-0.4831726810220661,2.162679529667528,-0.00569723802307176
2022-11-15,396749,108180,288569,29953,382541,-352588,80563,80590,-27,682575,0.42276526389041497,2.1140828253629107,-0.5165556898509321,2.7555845521545854,0.021968791828741452
2022-11-22,398863,100032,298831,28591,396124,-367533,83419,76878,6541,680873,0.43889389063746104,0.8433889561476433,-0.5397967021750018,2.6046801828517707,-0.0024934988829066196
2022-11-29,411019,96730,314289,32015,401343,-369328,76460,79804,-3344,695776,0.4517100331141057,1.259654863318101,-0.5308145150163271,2.603369090742955,0.02188807604355003
2022-12-06,414337,98301,316036,41631,412261,-370630,76694,81601,-4907,711537,0.4441596150305606,0.14449131245268132,-0.5208864753343818,2.2932145427939976,0.022652405371843765
2022-12-13,445288,94765,350523,40388,439262,-398874,68146,79103,-10957,772800,0.4535753105590062,2.7634239926034363,-0.5161413043478261,2.615622913398444,0.08609952820443634
2022-12-20,450549,89882,360667,33389,448199,-414810,78454,95148,-16694,725968,0.4968083992682873,0.8060340085326944,-0.5713888215458532,2.3862880881956494,-0.060600414078675
2022-12-27,451326,85682,365644,32479,455413,-422934,81740,92874,-11134,728387,0.5019913864470398,0.41008527994067484,-0.5806446298464965,2.1445982204130023,0.003332102792409586
2023-01-03,432022,82479,349543,45250,459862,-414612,71489,77178,-5689,712030,0.4909104953442973,-1.2706930098012732,-0.5822956897883517,1.6693053839369159,-0.022456468882613212
2023-01-10,438725,77117,361608,47533,480753,-433220,82961,89335,-6374,746163,0.4846233329714821,0.9827411740011717,-0.5805970009233907,1.6845464377335482,0.047937586899428286
2023-01-17,459449,76813,382636,43087,494265,-451178,71486,85373,-13887,753915,0.5075320162087238,1.6585105414833914,-0.598446774503757,1.8088942947186395,0.010389150895983912
2023-01-24,476921,74844,402077,41118,514783,-473665,77468,88332,-10864,777569,0.5170949459147677,1.4973176807936466,-0.6091613734601045,1.869626699861887,0.031374889742212364
2023-01-31,487012,75651,411361,41129,538965,-497836,85496,80440,5056,796738,0.5163064897117998,0.7167706953789872,-0.6248427965027399,1.7873848964488839,0.024652474571388527
2023-02-07,489504,78631,410873,40285,538639,-498354,73795,58220,15575,781287,0.5258925337296025,-0.038460372600015766,-0.6378629108125439,1.6121117863080558,-0.019392824240841988
2023-02-14,485694,72857,412837,41784,546951,-505167,79092,57684,21408,788633,0.5234843076564131,0.15616093163219122,-0.640560311323518,1.4955000605809199,0.009402434700692686
2023-02-21,484939,77011,407928,43630,544967,-501337,79329,56100,23229,789898,0.5164312354253334,-0.404432361179766,-0.6346857442353316,1.3269642206798384,0.0016040414235771738
2023-02-28,488209,82563,405646,43416,549079,-505663,84939,58012,26927,803963,0.5045580455816997,-0.1922605815905276,-0.6289630244177904,1.2134813017666493,0.017806096483343525
2023-03-07,490588,80743,409845,47380,552786,-505406,75936,60049,15887,821057,0.4991675364804149,0.3591982575393666,-0.6155553146736463,1.1866110540301547,0.021262172512914068
2023-03-14,484418,83731,400687,23984,504526,-480542,64007,56362,7645,745403,0.537544120428815,-0.8634922937443337,-0.644674089049816,0.9888035494643622,-0.09214220206392487
2023-03-21,479791,81594,398197,24377,508761,-484384,61547,48206,13341,737437,0.5399742622081615,-0.23328636856651758,-0.6568479748100515,0.8864404825199378,-0.0106868365166225
2023-03-28,483631,80327,403304,23428,500750,-477322,58664,55651,3013,732506,0.550581155649237,0.4901043089256845,-0.651628792119109,0.8923576814832992,-0.006686672895447332
2023-04-04,485717,74529,411188,19742,511316,-491574,66748,63263,3485,747095,0.5503824814782591,0.7406909559995231,-0.6579805781058634,0.9454658430274063,0.019916560410426776
2023-04-11,496317,74572,421745,19719,526373,-506654,69139,61513,7626,759439,0.5553375583819109,0.9702644806888799,-0.6671424564711583,1.0573847857079874,0.01652266445365047
2023-04-18,505959,73677,432282,19870,536511,-516641,65844,57520,8324,766374,0.5640614112691714,0.9607847263137221,-0.674136909655077,1.1920200267745509,0.009131740666465715
2023-04-25,510675,74655,436020,19153,545719,-526566,69260,55884,13376,772882,0.5641482140870145,0.363367169536201,-0.6813019322483898,1.2187761342390662,0.008491937356956303
2023-05-02,511857,76172,435685,18184,539147,-520963,70548,55759,14789,779458,0.5589589176068499,-0.03485603377553675,-0.6683657105321903,1.1731490491334848,0.008508413962286632
2023-05-09,517803,76477,441326,18458,550230,-531772,78046,64643,13403,794721,0.5553219305894773,0.5862864315380895,-0.6691304243879298,1.271092676181193,0.019581555388487937
2023-05-16,521175,79390,441785,17780,549939,-532159,69220,53952,15268,789930,0.5592710746521844,0.053100889019408924,-0.6736786803894016,1.2444413396311078,-0.006028530767401397
2023-05-23,508404,79601,428803,18770,538642,-519872,72480,58233,14247,781123,0.5489570784626749,-1.4839050039127415,-0.6655443508896807,0.8892033905743041,-0.011149089159798953
2023-05-30,499251,82677,416574,20717,530125,-509408,72423,53127,19296,775142,0.5374163701618542,-1.417962565724046,-0.6571802327831545,0.4969314991101865,-0.0076569247096808235
2023-06-06,487937,87370,400567,22692,516983,-494291,77781,54388,23393,781967,0.5122556322709271,-1.7450491209385601,-0.6321123525673078,-0.11959653693400776,0.008804838339297794
2023-06-13,467413,79173,388240,21468,500110,-478642,70136,49937,20199,818294,0.47445050311990555,-1.4815215431764919,-0.5849266889406497,-0.6762796098364248,0.04645592461062931
2023-06-20,476293,82284,394009,19145,496116,-476971,66452,60120,6332,732979,0.5375447318408849,0.7076590645316525,-0.6507294206246018,-0.531060431476549,-0.10425959374014715
2023-06-27,474306,78536,395770,18698,501350,-482652,70527,56288,14239,732123,0.5405785639844671,0.21934253767809064,-0.6592498801430907,-0.5371444947913012,-0.0011678370048801012
2023-07-03,474861,79095,395766,16355,498196,-481841,69829,52356,17473,725927,0.5451870504885478,-0.0005398530976666926,-0.663759579131235,-0.7219267919985531,-0.008463058802960721
2023-07-11,477886,78005,399881,18306,501066,-482760,70220,60623,9597,736056,0.5432752399273968,0.5792793524459244,-0.6558740095862271,-0.6729737648511644,0.013953193640682926
2023-07-18,501669,77482,424187,20303,538591,-518288,86196,64705,21491,783132,0.5416545358892243,3.3619509184829734,-0.6618143556897177,0.7452017369105806,0.06395709022139617
2023-07-25,491850,76934,414916,18141,536742,-518601,80093,54039,26054,772408,0.5371720645047695,-1.3556914112810245,-0.6714081159180122,0.12040495564042092,-0.013693732346526488
2023-08-01,492126,79699,412427,18786,521753,-502967,70631,51919,18712,755156,0.5461480806614792,-0.37842674026946105,-0.6660438372998427,-0.04326573329324991,-0.02233534608652421
2023-08-08,496666,79804,416862,23480,520021,-496541,71402,60392,11010,760968,0.5478049011259344,0.6590837643965591,-0.6525123264053153,0.22863329085816525,0.007696422990746354
2023-08-15,492339,80087,412252,21538,525111,-503573,76755,53700,23055,760233,0.5422705933575628,-0.6748835873671882,-0.6623929768899798,-0.06798676424503022,-0.0009658750433658714
2023-08-22,467608,85738,381870,27512,503905,-476393,91721,60015,31706,750486,0.508830277979869,-3.8898726572579454,-0.6347793296610463,-1.8299454502644015,-0.012821069330060664
2023-08-29,464262,98767,365495,26259,483727,-457468,87774,59359,28415,748127,0.48854673070214016,-1.9604728158513953,-0.6114844137425864,-2.3857648234543745,-0.0031432964772161176
2023-09-05,461039,107353,353686,29754,470397,-440643,89527,65457,24070,754263,0.4689160147057459,-1.3659493631465853,-0.5842033879429324,-2.4925496081007696,0.008201816001828677
2023-09-12,450698,107951,342747,25933,442298,-416365,72898,59469,13429,743759,0.4608307260819701,-1.2553694859594453,-0.5598117132027982,-2.493323868676516,-0.013926176943586
2023-09-19,449293,114429,334864,18757,410033,-391276,65602,60740,4862,695343,0.48158103267020735,-0.8836262831373867,-0.5627093391319105,-2.3735366024587425,-0.06509635513654288
2023-09-26,441783,123649,318134,16961,397230,-380269,76453,64578,11875,699271,0.4549509417664968,-1.7858227889676237,-0.5438077655158015,-2.454842547096923,0.005649010632162721
2023-10-03,439608,132872,306736,16667,384966,-368299,82368,69165,13203,702433,0.43667652288545666,-1.1993621705627144,-0.5243190453751461,-2.3515259987540746,0.004521852043056329
2023-10-10,444415,125782,318633,16796,380272,-363476,68001,68963,-962,687382,0.4635457431239107,1.245117297567102,-0.5287831220485844,-1.8153347777725188,-0.02142695459922872
2023-10-17,447860,130472,317388,19212,384515,-365303,75357,71058,4299,695676,0.4562296241353734,-0.13536230429546367,-0.5251050776510905,-1.6670252103981822,0.012066070976545884
2023-10-24,448774,122822,325952,18287,400227,-381940,81600,72575,9025,702668,0.46387767765146554,0.9126995187775145,-0.5435568433456484,-1.3491582808361382,0.01005065576503994
2023-10-31,443345,121935,321410,19049,393879,-374830,77740,72267,5473,694962,0.46248571864360927,-0.475853148459316,-0.5393532308241314,-1.3417659553383217,-0.010966772359065735
2023-11-07,443192,118769,324423,19829,400621,-380792,77240,71870,5370,697624,0.4650399068839375,0.3190424409772706,-0.5458413127988716,-1.184983197439536,0.003830425260661796
2023-11-14,441077,113079,327998,19768,411285,-391517,77152,70027,7125,702463,0.4669256601415306,0.3738080970976083,-0.5573489279862427,-1.0302340546305557,0.00693640127059858
2023-11-21,453409,99427,353982,19317,442358,-423041,73652,65589,8063,712364,0.4969116912140423,2.581925330296302,-0.5938551077819766,-0.34841640938999696,0.014094692531848585
2023-11-28,465952,93795,372157,19358,459111,-439753,73233,63049,10184,727138,0.511810687929939,1.765848919115861,-0.6047724090887837,0.1550135250285245,0.020739397274427196
2023-12-05,478523,92860,385663,19995,479853,-459858,76280,64172,12108,756615,0.5097215889190672,1.3245971392359226,-0.6077833508455424,0.5251314403171675,0.040538384735772315
2023-12-12,462262,99438,362824,21100,459903,-438803,83174,66533,16641,792149,0.4580249422772736,-2.154497561825148,-0.5539399784636476,-0.04725065528888016,0.04696444030319258
2023-12-19,459191,95873,363318,18849,427451,-408602,67756,75221,-7465,700244,0.5188448597917298,0.04751036653707725,-0.5835137466368866,-0.003155009481284482,-0.11601983970187424
2023-12-26,460850,95150,365700,18207,433849,-415642,71580,75813,-4233,705627,0.5182624814526655,0.22856341479617068,-0.5890392516159387,0.09273417751079602,0.007687320419739407
2024-01-02,460498,92299,368199,18714,456316,-437602,86037,73326,12711,718885,0.5121806686744055,0.23760225556486028,-0.6087232311148515,0.19241689248080038,0.01878896357423976
2024-01-09,460848,95296,365552,21104,459402,-438298,80190,64329,15861,714079,0.5119209499229077,-0.2530322917470927,-0.6137948322244458,0.15957687704092283,-0.006685353011956052
2024-01-16,479464,97950,381514,20988,465014,-444026,80292,68347,11945,733091,0.5204183382417735,1.5741318818866277,-0.6056901530642171,0.6994623092823649,0.026624505131785048
2024-01-23,476138,98368,377770,20470,448644,-428174,75337,71769,3568,725423,0.520758233472057,-0.37712983984069304,-0.5902404528116699,0.665486446629798,-0.010459820131470732
2024-01-30,470145,112148,357997,22769,438343,-415574,79542,68993,10549,727210,0.49228833486888246,-1.8667184697278887,-0.5714635387302155,0.11108130790029468,0.002463390325368797
2024-02-06,466851,131883,334968,25767,401825,-376058,80024,85356,-5332,731991,0.45761218375635765,-2.036605940216874,-0.5137467537169172,-0.6223631623802028,0.006574442045626405
2024-02-13,464667,136045,328622,30023,392521,-362498,88270,94055,-5785,740105,0.4440207808351518,-0.5579240663844292,-0.4897926645543538,-0.8227526349560712,0.011084835742515953
2024-02-20,444982,142138,302844,31638,387684,-356046,87583,77256,10327,722299,0.4192778890736385,-2.3021763622873785,-0.4929343665158058,-1.7280451581124232,-0.02405874842083222
2024-02-27,442988,134256,308732,20353,384434,-364081,85862,79487,6375,715545,0.4314641287410296,0.5454940653717739,-0.5088163567630268,-1.3637414925162528,-0.009350698256539225
2024-03-05,423822,124185,299637,22907,385252,-362345,88588,79149,9439,707108,0.4237499787868331,-0.8508349314748117,-0.5124323299976807,-1.5619109126446902,-0.011791012445059312
2024-03-12,418644,107299,311345,20240,384003,-363763,80929,77212,3717,717720,0.43379730256924703,1.092258231190975,-0.5068313548459009,-1.0501362202819753,0.015007608455851251
2024-03-19,401634,114402,287232,19660,346313,-326653,85730,89372,-3642,656182,0.43773221453803973,-2.1257467975017463,-0.4978085348272278,-1.7488639828080832,-0.08574095747645316
2024-03-26,401800,127240,274560,19132,325661,-306529,81778,90904,-9126,657300,0.4177088087631219,-1.1327199966995338,-0.466345656473452,-1.9678644970989145,0.0017037955932956983
2024-04-02,403614,156339,247275,37237,307554,-270317,94297,103690,-9393,682768,0.36216547934291005,-2.312627341037636,-0.3959133995735008,-2.442262522644791,0.038746386733607086
2024-04-09,405602,136301,269301,24741,306427,-281686,65356,86911,-21555,643496,0.4184967738727203,1.8072102094141704,-0.4377432027549511,-1.6698589945241762,-0.05751880580226376
2024-04-16,397902,149568,248334,41566,290227,-248661,70146,104691,-34545,658865,0.37691181046193073,-1.619525498654213,-0.37740811850682615,-1.9791124148360852,0.023883598344045742
2024-04-23,392006,166658,225348,60276,283871,-223595,63518,98985,-35467,665771,0.3384767435048988,-1.7025308522397073,-0.33584370601903657,-2.188424573323376,0.010481661645405316
2024-04-30,390015,168221,221794,46663,278305,-231642,68274,91458,-23184,652297,0.3400199602328387,-0.26398125928465316,-0.35511737751361727,-1.9940731138144645,-0.02023819000827609
2024-05-07,393484,164783,228701,38949,282240,-243291,69345,86146,-16801,654804,0.34926634534914264,0.5073883831448801,-0.3715478219436656,-1.6756918614802292,0.003843341300052039
2024-05-14,398845,158505,240340,28935,296362,-267427,75619,82704,-7085,656802,0.3659245861005295,0.8359548947784242,-0.4071653253187414,-1.342121882371714,0.0030512947385783473
2024-05-21,401674,137896,263778,17559,319690,-302131,75342,77721,-2379,653081,0.4038978319687757,1.6953251059946808,-0.4626240849144287,-0.8527135574709593,-0.005665329886327952
2024-05-28,405892,136029,269863,18294,337190,-318896,74699,67353,7346,664864,0.40589203205467583,0.45546144943891387,-0.4796409491264379,-0.6834997593821951,0.018042172410466684
2024-06-04,409324,127424,281900,17213,357516,-340303,80602,68259,12343,671736,0.41965891362082725,0.9047942571835799,-0.5066022961401503,-0.4076048646060491,0.010335948404485817
2024-06-11,408140,135021,273119,20083,335166,-315083,79583,80975,-1392,712894,0.38311305748119634,-0.6880106076815284,-0.44197734866614113,-0.5199491814522109,0.06127109459668678
2024-06-18,399229,149304,249925,12131,289849,-277718,78396,87215,-8819,650388,0.384270619999139,-1.7009434893593016,-0.427003573251659,-0.8991603911808503,-0.08767923421995416
2024-06-25,396476,155008,241468,13201,278823,-265622,78729,90328,-11599,650087,0.37143951501875905,-0.6097501455866449,-0.40859454196130673,-0.9918100102930779,-0.0004628006666789197
2024-07-02,391717,170016,221701,8121,258959,-250838,72818,82267,-9449,636895,0.3480966250323837,-1.3600738862807573,-0.39384513930867726,-1.297793488055388,-0.020292668519751977
2024-07-09,393029,160108,232921,9478,275000,-265522,73785,79258,-5473,637266,0.36550043466935317,0.7548693107276213,-0.41665803604774143,-1.0016359063226425,0.000582513601143031
2024-07-16,400777,153417,247360,9122,296439,-287317,85859,78470,7389,649251,0.3809928671653952,0.9752836894172418,-0.4425360915886152,-0.645765819073051,0.018806903239777517
2024-07-23,425830,151792,274038,9528,320791,-311263,83176,78836,4340,672022,0.40778129287434045,1.7006438452221584,-0.46317382466645435,0.0849056446943257,0.035072722259958056
2024-07-30,425151,160147,265004,12022,292272,-280250,73234,91398,-18164,667299,0.39712932283728886,-0.5914641055793797,-0.41997665214544005,-0.07087150796549686,-0.007028043724758959
2024-08-06,429417,155519,273898,9987,305767,-295780,75644,90252,-14608,671104,0.4081304835018119,0.6037891526627467,-0.44073645813465573,0.3023362692835846,0.005702091566149425
2024-08-13,424905,147790,277115,10434,304665,-294231,71009,94427,-23418,667350,0.4152468719562448,0.2201922292218955,-0.44089458305237134,0.5292454543434462,-0.005593767880984202
2024-08-20,436430,131472,304958,11271,358161,-346890,75339,78023,-2684,692017,0.4406799254931599,1.8954504037452478,-0.5012738126375508,1.5613041741521,0.03696261332134565
2024-08-27,442350,120806,321544,11760,408951,-397191,94322,73854,20468,726519,0.44258168058922065,1.098349048193937,-0.5467042155814232,2.0854931728605535,0.049857156688347226
2024-09-03,440669,115476,325193,14325,420755,-406430,95060,69208,25852,740311,0.4392653898159017,0.2450410149389425,-0.5489990017708773,2.0539738489111383,0.018983674205354628
2024-09-10,436889,118461,318428,13376,398775,-385399,76583,63756,12827,741888,0.4292130348516218,-0.46016435001687456,-0.5194840730676329,1.7867456409206028,0.002130185827307729
2024-09-17,427973,121834,306139,13005,382926,-369921,72490,66772,5718,678001,0.4515317824015009,-0.8625978310462219,-0.5456053899625517,1.3185424557222745,-0.08611407651828851
2024-09-24,428761,125770,302991,14057,372075,-358018,70914,66148,4766,679514,0.4458936828380284,-0.22679801044654113,-0.5268736184979265,1.149914017446766,0.002231560130442345
2024-10-01,421463,127162,294301,12963,355422,-342459,70416,70519,-103,674734,0.43617336609686186,-0.6600835548803646,-0.5075466776537124,0.8129158548123141,-0.007034439319866803
2024-10-08,404607,137942,266665,17427,346409,-328982,80224,62318,17906,669131,0.3985243547227673,-2.0653521126760563,-0.4916555950927397,-0.05263458986954787,-0.008304013137028776
2024-10-15,377266,154627,222639,37773,311755,-273982,79699,66796,12903,658481,0.33810998343156445,-3.0857210635137577,-0.41608186113190815,-1.3614436569884434,-0.015916165892777334
2024-10-22,367611,174491,193120,38526,258811,-220285,74459,84615,-10156,650759,0.2967611665762594,-2.033139775147553,-0.338504730629926,-2.083926041747139,-0.011726989844809466
2024-10-29,365328,173279,192049,56940,242985,-186045,75404,105616,-30212,661675,0.2902467223334719,-0.07425421789877043,-0.2811727811992292,-1.9727121699371568,0.0167742589806672
2024-11-05,360538,143086,217452,35168,255641,-220473,79747,103781,-24034,645597,0.3368231265015172,1.6784488125945034,-0.34150251627563327,-1.2566343503723478,-0.024298938300525208
2024-11-12,357161,140965,216196,27921,254485,-226564,72706,101719,-29013,637105,0.33934123888527007,-0.08523655650158435,-0.3556148515550812,-1.235311487216978,-0.013153716637468893
2024-11-19,343463,160310,183153,65675,237119,-171444,70766,110577,-39811,658774,0.2780209905066077,-2.1875705006276625,-0.2602470650025654,-1.864115410145679,0.03401166212790674
2024-11-26,339036,170328,168708,68838,232782,-163944,78630,108586,-29956,665553,0.25348544743994844,-0.9363803863002291,-0.24632749007216556,-1.9464318298393148,0.010290327183525738
2024-12-03,330248,179927,150321,83527,228067,-144540,78970,115172,-36202,675059,0.22267831404366137,-1.173339681963101,-0.21411461812967458,-2.049644248956083,0.014282859516822954
2024-12-10,330710,168176,162534,82138,224722,-142584,76775,120696,-43921,727276,0.22348324432540054,0.7728448726966503,-0.19605211776547005,-1.6256298081498974,0.07735175740194555
2024-12-17,333070,170058,163012,22018,169508,-147490,75931,114176,-38245,584000,0.27913013698630135,0.03201830206130057,-0.2525513698630137,-1.4800170467826705,-0.1970036134837393
2024-12-24,339295,176429,162866,31021,164000,-132979,69968,116500,-46532,597583,0.27254122021543453,-0.009993628929923495,-0.22252808396490528,-1.3705645483434217,0.023258561643835662
2024-12-31,336955,183094,153861,29997,162916,-132919,80796,122636,-41840,609159,0.2525793758279858,-0.6343611141215997,-0.21820083098173054,-1.422446767664771,0.01937136765938785
2025-01-07,333660,182397,151263,29921,158813,-128892,69495,111083,-41588,603187,0.25077297753433014,-0.1873949253449778,-0.21368497663245395,-1.3582283375245008,-0.009803680155755723
2025-01-14,332942,175066,157876,33400,164026,-130626,68363,108162,-39799,604225,0.2612867723116389,0.4875847909435332,-0.21618767843104802,-1.1623559354343673,0.0017208593686535156
2025-01-21,340273,179395,160878,22173,166474,-144301,72504,107738,-35234,609492,0.26395424386210153,0.2372718539865514,-0.23675618383834407,-1.032708511838238,0.008716951466754885
2025-01-28,347583,173187,174396,16363,183222,-166859,72532,106828,-34296,618908,0.28178016765011926,1.05406669865643,-0.2696022672190374,-0.7647494203279609,0.01544893124109925
2025-02-04,339196,175446,163750,15873,177918,-162045,82094,104271,-22177,616623,0.2655593450130793,-0.8257834315854794,-0.26279428435202706,-0.8610749284925739,-0.0036919865311161315
2025-02-11,338182,177937,160245,16384,178074,-161690,88642,109469,-20827,622873,0.25726753286785586,-0.2716406343150113,-0.25958742793474754,-0.8470123428922987,0.010135852863094597
2025-02-18,346446,173913,172533,19976,200260,-180284,89424,100651,-11227,638024,0.27041772723283136,0.9986340548566071,-0.28256617305932064,-0.5990340193199988,0.024324380732508866
2025-02-25,356354,165177,191177,20386,230729,-210343,93762,99058,-5296,658684,0.2902408438644327,1.505495631756956,-0.31933825628070517,-0.23751163329152009,0.03238122703848134
2025-03-04,366028,154304,211724,22785,255957,-233172,94173,102395,-8222,683819,0.3096199432890867,1.5764294840961872,-0.34098496824452085,0.207358111191615,0.0381594209059275
2025-03-11,375109,135878,239231,28370,291663,-263293,90093,96012,-5919,729760,0.3278214755536067,1.9886992767425888,-0.36079395965796973,0.8630866401408988,0.06718298263136879
2025-03-18,380024,121536,258488,16659,329538,-312879,87050,73191,13859,652620,0.3960773497594312,1.365778210594368,-0.4794198768042659,1.403295006072954,-0.10570598552948918
2025-03-25,389514,125991,263523,22135,351464,-329329,89643,63267,26376,672875,0.39163737692736394,0.3552722279213413,-0.48943563068920676,1.6711102862516682,0.031036437743250378
2025-04-01,384138,127920,256218,24218,340593,-316375,91315,58425,32890,670827,0.38194348170243597,-0.5173893264104736,-0.4716193593877408,1.6548353546068215,-0.003043655953929081
2025-04-08,412595,129438,283157,31861,371975,-340114,85855,52777,33078,697776,0.4057992822911651,1.9116311313442287,-0.4874257641420742,2.2600548084605157,0.04017280163141912
2025-04-15,419169,129399,289770,29171,393749,-364578,80754,58948,21806,708122,0.4092091475762651,0.5226349081867452,-0.5148519605378734,2.147347531371504,0.014827107839765263
2025-04-22,419532,123255,296277,33861,403364,-369503,81269,66559,14710,719232,0.41193523091297385,0.5529347552545829,-0.5137466074924364,2.011552085212676,0.01568938685706711
2025-04-29,421978,120302,301676,33550,410302,-376752,79893,62578,17315,730212,0.41313481564258053,0.4523830241154499,-0.5159487929532793,1.8814572497873852,0.015266284036305366
2025-05-06,427317,120387,306930,33157,415185,-382028,73085,67340,5745,737013,0.41645127019469125,0.4708047561606066,-0.5183463520996238,1.7870421094262092,0.009313733545874392
2025-05-13,432043,120966,311077,34250,423571,-389321,86340,66187,20153,750906,0.4142688965063537,0.36794168734067934,-0.5184683568915417,1.6871449054079208,0.018850413764750495
2025-05-20,435558,125222,310336,47230,421491,-374261,83874,76941,6933,759249,0.40874074249686204,-0.07388998193595896,-0.49293578259569654,1.5205801303876043,0.011110578421267059
2025-05-27,441156,127173,313983,49826,424525,-374699,76556,77460,-904,760471,0.41287964958558576,0.3793775330978111,-0.4927196434841039,1.4412122333775548,0.0016094851623116302
2025-06-03,444511,124440,320071,48503,438220,-389717,74113,76024,-1911,781284,0.40967305102881924,0.6660775452150713,-0.4988160515254376,1.410813061757346,0.027368565007738654
2025-06-10,441522,121178,320344,32680,439359,-406679,84861,72885,11976,810517,0.3952341530159145,0.03144854719940452,-0.5017525850784129,1.3022377589301821,0.03741661162906196
2025-06-17,456662,123584,333078,28746,453210,-424464,88119,72690,15429,755861,0.4406603859704364,1.3913547768934014,-0.5615635679046809,1.37401665129915,-0.06743350232012402
2025-06-24,458163,120432,337731,31477,458976,-427499,88638,67545,21093,762607,0.4428637555123412,0.4989503639700575,-0.5605757618275206,1.3307713522733533,0.008924921381047612
2025-07-01,461525,116188,345337,34128,468358,-434230,91623,76402,15221,779031,0.44329044672163237,0.8203396580189658,-0.5573975875157728,1.3382856547652093,0.021536649938959318
2025-07-08,464484,114961,349523,41200,496248,-455048,105233,76110,29123,805847,0.43373369882868584,0.4485234119363373,-0.5646828740443285,1.3067138909271219,0.03442225020570433
2025-07-15,477607,116891,360716,42464,515996,-473532,106430,67906,38524,820440,0.4396616449709912,1.1770953833210642,-0.5771683486909464,1.3762381082502286,0.018108896601960467
2025-07-22,497068,122740,374328,47272,522071,-474799,102310,73901,28409,843447,0.4438073761599721,1.372581871208948,-0.5629268940431349,1.479236052101448,0.028042270001462644
2025-07-29,481538,124153,357385,47984,499338,-451354,110100,79238,30862,828577,0.4313238238570465,-1.6860706781133623,-0.5447339233408603,1.141430027422447,-0.017630034845105835
2025-08-05,481035,133610,347425,49171,488915,-439744,106098,71890,34208,818360,0.42453810059142677,-0.9937716581664959,-0.5373478664646366,0.93062512054392,-0.01233077915510572
2025-08-12,499181,131743,367438,50625,504801,-454176,100864,65926,34938,824972,0.44539451035913946,1.8778596201247966,-0.5505350484622509,1.2379246724140311,0.00807957378170987
2025-08-19,501183,129953,371230,51466,501044,-449578,104037,70811,33226,825219,0.44985634116519374,0.3670656564716394,-0.5447984110884505,1.287383567706222,0.0002994041009876103
2025-08-26,506393,129579,376814,47052,507819,-460767,109029,74822,34207,842215,0.44740832210302595,0.568157003932925,-0.5470895198969384,1.3816975885036078,0.020595744887114797
2025-09-02,506627,126827,379800,46785,506665,-459880,107011,77338,29673,845820,0.44903170887422855,0.3262373200433661,-0.5437090633941027,1.419635378473931,0.004280379713018645
2025-09-09,506920,123669,383251,47377,513816,-466439,103962,71350,32612,878104,0.4364528575202937,0.4194410942510682,-0.5311887885717409,1.4375713495166043,0.03816887753895637
2025-09-16,511998,122299,389699,72918,538082,-465164,108039,81802,26237,855448,0.4555496067557584,0.8336175904608943,-0.543766541040484,1.5054386449859563,-0.02580104406767303
2025-09-23,516898,122280,394618,71331,540385,-469054,106658,86855,19803,859215,0.4592773636400668,0.6363107172886618,-0.5459099294123124,1.536331036047649,0.004403540600948386
2025-09-30,509896,124419,385477,69839,531933,-462094,105007,82730,22277,845775,0.4557677869409713,-1.1717555181951298,-0.5463557092607372,1.2498980509507513,-0.015642185017719634
2025-10-07,513564,126700,386864,70410,536696,-466286,107423,86038,21385,855286,0.4523212118519419,0.2034217636805677,-0.545181377925045,1.2158260919787702,0.01124530755815667
2025-10-14,499343,128222,371121,73898,512555,-438657,103080,80802,22278,841079,0.4412439259570147,-2.1958295557570264,-0.5215407827326565,0.6830351276655466,-0.01661081790184804
2025-10-21,500890,129377,371513,70561,514275,-443714,102054,79590,22464,835887,0.44445361633809355,0.05653051716104985,-0.5308301241675011,0.6378984910405129,-0.006173022985950238
2025-10-28,499804,135233,364571,74144,506454,-432310,108266,90923,17343,843717,0.43210104810025163,-0.9926141831880552,-0.5123874474497966,0.34303188905714177,0.00936729486162613
2025-11-04,502569,151549,351020,75329,467770,-392441,98873,93691,5182,835176,0.4202946444821211,-1.8530599793827447,-0.4698901788365566,-0.21871335789251584,-0.010123062590892462
2025-11-10,507864,150500,357364,75317,467071,-391754,84211,89872,-5661,831275,0.42989864966467173,0.8576137763935756,-0.47126883402002945,-0.046713800518907014,-0.004670871768345797
2025-11-18,502366,145415,356951,75473,489196,-413723,87561,75140,12421,827015,0.43161369503576114,-0.055926792047958085,-0.5002605756848425,-0.14999517763846373,-0.005124657905025365
2025-11-25,500319,150557,349762,73064,484010,-410946,90941,76217,14724,830589,0.4211011703742766,-0.9558715985742267,-0.4947645586445282,-0.5856228308690423,0.0043215661142783635
2025-12-02,508867,147114,361753,70809,505736,-434927,90775,71503,19272,851184,0.4249997650331773,1.547640558760164,-0.5109670764488055,-0.08227102411214454,0.024795657057822718
2025-12-09,517871,144195,373676,74207,548612,-474405,102769,61164,41605,942794,0.39634957371387597,1.4547340165934601,-0.5031905166982394,0.5102838919725203,0.10762655313069791
2025-12-16,517767,142973,374794,36836,520690,-483854,116937,65636,51301,986986,0.37973588277847914,0.1442723843557673,-0.49023390402700745,0.5218238338922816,0.04687344213051836
2025-12-23,536849,146452,390397,40444,544642,-504198,120823,64716,56107,866951,0.45031034049213853,1.9097020194887728,-0.5815761213724882,1.4767860305825788,-0.12161773317959934
2025-12-30,537338,145894,391444,40071,547387,-507316,121459,68797,52662,869169,0.4503658091809533,0.13222843431080628,-0.5836793534974211,1.4452244577269622,0.002558391420045547
2026-01-06,543666,144979,398687,45159,556172,-511013,119570,68970,50600,881815,0.45212090971462265,0.9013535763516618,-0.5795013693348378,1.7777105260164818,0.0145495294931135
2026-01-13,555117,151001,404116,52405,536979,-484574,103621,78229,25392,883672,0.4573144786753456,0.6947786025083184,-0.5483640988964231,1.9011926054937103,0.0021058838872098917
2026-01-20,543954,152750,391204,61094,512366,-451272,100073,89837,10236,880948,0.4440716137615387,-1.658131816026553,-0.5122572501441629,1.014385170675531,-0.0030825917308684447
2026-01-27,550558,147028,403530,57593,548117,-490524,115423,89062,26361,919284,0.43896119153602153,1.6198173335961628,-0.5335935358387615,1.6193778875226232,0.04351675694819668
2026-02-03,539447,135008,404439,56077,570104,-514027,123767,81712,42055,910464,0.44421196225221427,0.12518273692239243,-0.5645769629551526,1.56649357951565,-0.009594423486104398
2026-02-10,546599,136061,410538,55900,586035,-530135,132693,82489,50204,926273,0.443214905324888,0.9067485504511613,-0.5723312673477474,1.7375864956073694,0.017363673906930943
2026-02-17,549252,135539,413713,54606,579530,-524924,126502,82953,43549,916813,0.45125123662077216,0.47370384185005593,-0.5725529633633031,1.7211567513578017,-0.01021297176966185
2026-02-24,533702,138401,395301,55362,555121,-499759,120964,84167,36797,911287,0.4337832098998449,-2.5586847182951793,-0.548410105707642,0.6716417375230959,-0.006027401443915004
2026-03-03,519444,149172,370272,56431,511111,-454680,128443,98811,29632,913289,0.40542697875480815,-3.1116307092035806,-0.49784898318057047,-0.6592802105351807,0.0021968929656628333
2026-03-10,509748,143449,366299,62742,481320,-418578,105592,100361,5231,969374,0.37787169864262915,-0.49269763138062944,-0.43180237968008217,-0.8257876780724301,0.0614099151528158
2026-03-17,452180,157642,294538,29602,360018,-330416,106918,113870,-6952,755789,0.3897092971715651,-6.785391914056392,-0.43718021828843767,-3.294654182593473,-0.22033291588179593
