Date,rate_us_10y,rate_jp_10y,rate_diff
2021-03-29,1.73,,
2021-03-30,1.73,,
2021-03-31,1.74,,
2021-04-01,1.69,0.09,1.5999999999999999
2021-04-02,1.72,0.09,1.63
2021-04-05,1.73,0.09,1.64
2021-04-06,1.67,0.09,1.5799999999999998
2021-04-07,1.68,0.09,1.5899999999999999
2021-04-08,1.64,0.09,1.5499999999999998
2021-04-09,1.67,0.09,1.5799999999999998
2021-04-12,1.69,0.09,1.5999999999999999
2021-04-13,1.64,0.09,1.5499999999999998
2021-04-14,1.64,0.09,1.5499999999999998
2021-04-15,1.56,0.09,1.47
2021-04-16,1.59,0.09,1.5
2021-04-19,1.61,0.09,1.52
2021-04-20,1.58,0.09,1.49
2021-04-21,1.57,0.09,1.48
2021-04-22,1.57,0.09,1.48
2021-04-23,1.58,0.09,1.49
2021-04-26,1.58,0.09,1.49
2021-04-27,1.63,0.09,1.5399999999999998
2021-04-28,1.63,0.09,1.5399999999999998
2021-04-29,1.65,0.09,1.5599999999999998
2021-04-30,1.65,0.09,1.5599999999999998
2021-05-03,1.63,0.09,1.5399999999999998
2021-05-04,1.61,0.09,1.52
2021-05-05,1.59,0.09,1.5
2021-05-06,1.58,0.09,1.49
2021-05-07,1.6,0.09,1.51
2021-05-10,1.63,0.09,1.5399999999999998
2021-05-11,1.64,0.09,1.5499999999999998
2021-05-12,1.69,0.09,1.5999999999999999
2021-05-13,1.66,0.09,1.5699999999999998
2021-05-14,1.63,0.09,1.5399999999999998
2021-05-17,1.64,0.09,1.5499999999999998
2021-05-18,1.64,0.09,1.5499999999999998
2021-05-19,1.68,0.09,1.5899999999999999
2021-05-20,1.63,0.09,1.5399999999999998
2021-05-21,1.63,0.09,1.5399999999999998
2021-05-24,1.61,0.09,1.52
2021-05-25,1.56,0.09,1.47
2021-05-26,1.58,0.09,1.49
2021-05-27,1.61,0.09,1.52
2021-05-28,1.58,0.09,1.49
2021-06-01,1.62,0.05,1.57
2021-06-02,1.59,0.05,1.54
2021-06-03,1.63,0.05,1.5799999999999998
2021-06-04,1.56,0.05,1.51
2021-06-07,1.57,0.05,1.52
2021-06-08,1.53,0.05,1.48
2021-06-09,1.5,0.05,1.45
2021-06-10,1.45,0.05,1.4
2021-06-11,1.47,0.05,1.42
2021-06-14,1.51,0.05,1.46
2021-06-15,1.51,0.05,1.46
2021-06-16,1.57,0.05,1.52
2021-06-17,1.52,0.05,1.47
2021-06-18,1.45,0.05,1.4
2021-06-21,1.5,0.05,1.45
2021-06-22,1.48,0.05,1.43
2021-06-23,1.5,0.05,1.45
2021-06-24,1.49,0.05,1.44
2021-06-25,1.54,0.05,1.49
2021-06-28,1.49,0.05,1.44
2021-06-29,1.49,0.05,1.44
2021-06-30,1.45,0.05,1.4
2021-07-01,1.48,0.015,1.465
2021-07-02,1.44,0.015,1.425
2021-07-06,1.37,0.015,1.3550000000000002
2021-07-07,1.33,0.015,1.3150000000000002
2021-07-08,1.3,0.015,1.2850000000000001
2021-07-09,1.37,0.015,1.3550000000000002
2021-07-12,1.38,0.015,1.365
2021-07-13,1.42,0.015,1.405
2021-07-14,1.37,0.015,1.3550000000000002
2021-07-15,1.31,0.015,1.2950000000000002
2021-07-16,1.31,0.015,1.2950000000000002
2021-07-19,1.19,0.015,1.175
2021-07-20,1.23,0.015,1.215
2021-07-21,1.3,0.015,1.2850000000000001
2021-07-22,1.27,0.015,1.2550000000000001
2021-07-23,1.3,0.015,1.2850000000000001
2021-07-26,1.29,0.015,1.2750000000000001
2021-07-27,1.25,0.015,1.235
2021-07-28,1.26,0.015,1.245
2021-07-29,1.28,0.015,1.2650000000000001
2021-07-30,1.24,0.015,1.225
2021-08-02,1.2,0.015,1.185
2021-08-03,1.19,0.015,1.175
2021-08-04,1.19,0.015,1.175
2021-08-05,1.23,0.015,1.215
2021-08-06,1.31,0.015,1.2950000000000002
2021-08-09,1.33,0.015,1.3150000000000002
2021-08-10,1.36,0.015,1.3450000000000002
2021-08-11,1.35,0.015,1.3350000000000002
2021-08-12,1.36,0.015,1.3450000000000002
2021-08-13,1.29,0.015,1.2750000000000001
2021-08-16,1.26,0.015,1.245
2021-08-17,1.26,0.015,1.245
2021-08-18,1.27,0.015,1.2550000000000001
2021-08-19,1.24,0.015,1.225
2021-08-20,1.26,0.015,1.245
2021-08-23,1.25,0.015,1.235
2021-08-24,1.29,0.015,1.2750000000000001
2021-08-25,1.35,0.015,1.3350000000000002
2021-08-26,1.34,0.015,1.3250000000000002
2021-08-27,1.31,0.015,1.2950000000000002
2021-08-30,1.29,0.015,1.2750000000000001
2021-08-31,1.3,0.015,1.2850000000000001
2021-09-01,1.31,0.065,1.245
2021-09-02,1.29,0.065,1.225
2021-09-03,1.33,0.065,1.2650000000000001
2021-09-07,1.38,0.065,1.315
2021-09-08,1.35,0.065,1.2850000000000001
2021-09-09,1.3,0.065,1.235
2021-09-10,1.35,0.065,1.2850000000000001
2021-09-13,1.33,0.065,1.2650000000000001
2021-09-14,1.28,0.065,1.215
2021-09-15,1.31,0.065,1.245
2021-09-16,1.34,0.065,1.2750000000000001
2021-09-17,1.37,0.065,1.3050000000000002
2021-09-20,1.31,0.065,1.245
2021-09-21,1.33,0.065,1.2650000000000001
2021-09-22,1.32,0.065,1.2550000000000001
2021-09-23,1.41,0.065,1.345
2021-09-24,1.47,0.065,1.405
2021-09-27,1.48,0.065,1.415
2021-09-28,1.54,0.065,1.475
2021-09-29,1.55,0.065,1.485
2021-09-30,1.52,0.065,1.455
2021-10-01,1.48,0.095,1.385
2021-10-04,1.49,0.095,1.395
2021-10-05,1.54,0.095,1.445
2021-10-06,1.53,0.095,1.435
2021-10-07,1.58,0.095,1.485
2021-10-08,1.61,0.095,1.5150000000000001
2021-10-12,1.59,0.095,1.495
2021-10-13,1.56,0.095,1.465
2021-10-14,1.52,0.095,1.425
2021-10-15,1.59,0.095,1.495
2021-10-18,1.59,0.095,1.495
2021-10-19,1.65,0.095,1.555
2021-10-20,1.65,0.095,1.555
2021-10-21,1.68,0.095,1.585
2021-10-22,1.66,0.095,1.565
2021-10-25,1.64,0.095,1.545
2021-10-26,1.63,0.095,1.535
2021-10-27,1.54,0.095,1.445
2021-10-28,1.57,0.095,1.475
2021-10-29,1.55,0.095,1.455
2021-11-01,1.58,0.05,1.53
2021-11-02,1.56,0.05,1.51
2021-11-03,1.6,0.05,1.55
2021-11-04,1.53,0.05,1.48
2021-11-05,1.45,0.05,1.4
2021-11-08,1.51,0.05,1.46
2021-11-09,1.46,0.05,1.41
2021-11-10,1.56,0.05,1.51
2021-11-12,1.58,0.05,1.53
2021-11-15,1.63,0.05,1.5799999999999998
2021-11-16,1.63,0.05,1.5799999999999998
2021-11-17,1.6,0.05,1.55
2021-11-18,1.59,0.05,1.54
2021-11-19,1.54,0.05,1.49
2021-11-22,1.63,0.05,1.5799999999999998
2021-11-23,1.67,0.05,1.6199999999999999
2021-11-24,1.64,0.05,1.5899999999999999
2021-11-26,1.48,0.05,1.43
2021-11-29,1.52,0.05,1.47
2021-11-30,1.43,0.05,1.38
2021-12-01,1.43,0.07,1.3599999999999999
2021-12-02,1.44,0.07,1.3699999999999999
2021-12-03,1.35,0.07,1.28
2021-12-06,1.43,0.07,1.3599999999999999
2021-12-07,1.48,0.07,1.41
2021-12-08,1.52,0.07,1.45
2021-12-09,1.49,0.07,1.42
2021-12-10,1.48,0.07,1.41
2021-12-13,1.42,0.07,1.3499999999999999
2021-12-14,1.44,0.07,1.3699999999999999
2021-12-15,1.47,0.07,1.4
2021-12-16,1.44,0.07,1.3699999999999999
2021-12-17,1.41,0.07,1.3399999999999999
2021-12-20,1.43,0.07,1.3599999999999999
2021-12-21,1.48,0.07,1.41
2021-12-22,1.46,0.07,1.39
2021-12-23,1.5,0.07,1.43
2021-12-27,1.48,0.07,1.41
2021-12-28,1.49,0.07,1.42
2021-12-29,1.55,0.07,1.48
2021-12-30,1.52,0.07,1.45
2021-12-31,1.52,0.07,1.45
2022-01-03,1.63,0.07,1.5599999999999998
2022-01-04,1.66,0.07,1.5899999999999999
2022-01-05,1.71,0.07,1.64
2022-01-06,1.73,0.07,1.66
2022-01-07,1.76,0.07,1.69
2022-01-10,1.78,0.07,1.71
2022-01-11,1.75,0.07,1.68
2022-01-12,1.74,0.07,1.67
2022-01-13,1.7,0.07,1.63
2022-01-14,1.78,0.07,1.71
2022-01-18,1.87,0.07,1.8
2022-01-19,1.83,0.07,1.76
2022-01-20,1.83,0.07,1.76
2022-01-21,1.75,0.07,1.68
2022-01-24,1.75,0.07,1.68
2022-01-25,1.78,0.07,1.71
2022-01-26,1.85,0.07,1.78
2022-01-27,1.81,0.07,1.74
2022-01-28,1.78,0.07,1.71
2022-01-31,1.79,0.07,1.72
2022-02-01,1.81,0.18,1.6300000000000001
2022-02-02,1.78,0.18,1.6
2022-02-03,1.82,0.18,1.6400000000000001
2022-02-04,1.93,0.18,1.75
2022-02-07,1.92,0.18,1.74
2022-02-08,1.96,0.18,1.78
2022-02-09,1.94,0.18,1.76
2022-02-10,2.03,0.18,1.8499999999999999
2022-02-11,1.92,0.18,1.74
2022-02-14,1.98,0.18,1.8
2022-02-15,2.05,0.18,1.8699999999999999
2022-02-16,2.03,0.18,1.8499999999999999
2022-02-17,1.97,0.18,1.79
2022-02-18,1.92,0.18,1.74
2022-02-22,1.94,0.18,1.76
2022-02-23,1.99,0.18,1.81
2022-02-24,1.96,0.18,1.78
2022-02-25,1.97,0.18,1.79
2022-02-28,1.83,0.18,1.6500000000000001
2022-03-01,1.72,0.21,1.51
2022-03-02,1.86,0.21,1.6500000000000001
2022-03-03,1.86,0.21,1.6500000000000001
2022-03-04,1.74,0.21,1.53
2022-03-07,1.78,0.21,1.57
2022-03-08,1.86,0.21,1.6500000000000001
2022-03-09,1.94,0.21,1.73
2022-03-10,1.98,0.21,1.77
2022-03-11,2.0,0.21,1.79
2022-03-14,2.14,0.21,1.9300000000000002
2022-03-15,2.15,0.21,1.94
2022-03-16,2.19,0.21,1.98
2022-03-17,2.2,0.21,1.9900000000000002
2022-03-18,2.14,0.21,1.9300000000000002
2022-03-21,2.32,0.21,2.11
2022-03-22,2.38,0.21,2.17
2022-03-23,2.32,0.21,2.11
2022-03-24,2.34,0.21,2.13
2022-03-25,2.48,0.21,2.27
2022-03-28,2.46,0.21,2.25
2022-03-29,2.41,0.21,2.2
2022-03-30,2.35,0.21,2.14
2022-03-31,2.32,0.21,2.11
2022-04-01,2.39,0.215,2.1750000000000003
2022-04-04,2.42,0.215,2.205
2022-04-05,2.54,0.215,2.325
2022-04-06,2.61,0.215,2.395
2022-04-07,2.66,0.215,2.4450000000000003
2022-04-08,2.72,0.215,2.5050000000000003
2022-04-11,2.79,0.215,2.575
2022-04-12,2.72,0.215,2.5050000000000003
2022-04-13,2.7,0.215,2.4850000000000003
2022-04-14,2.83,0.215,2.615
2022-04-18,2.85,0.215,2.6350000000000002
2022-04-19,2.93,0.215,2.7150000000000003
2022-04-20,2.85,0.215,2.6350000000000002
2022-04-21,2.9,0.215,2.685
2022-04-22,2.9,0.215,2.685
2022-04-25,2.81,0.215,2.595
2022-04-26,2.77,0.215,2.555
2022-04-27,2.82,0.215,2.605
2022-04-28,2.85,0.215,2.6350000000000002
2022-04-29,2.89,0.215,2.6750000000000003
2022-05-02,2.99,0.215,2.7750000000000004
2022-05-03,2.97,0.215,2.7550000000000003
2022-05-04,2.93,0.215,2.7150000000000003
2022-05-05,3.05,0.215,2.835
2022-05-06,3.12,0.215,2.9050000000000002
2022-05-09,3.05,0.215,2.835
2022-05-10,2.99,0.215,2.7750000000000004
2022-05-11,2.91,0.215,2.6950000000000003
2022-05-12,2.84,0.215,2.625
2022-05-13,2.93,0.215,2.7150000000000003
2022-05-16,2.88,0.215,2.665
2022-05-17,2.98,0.215,2.765
2022-05-18,2.89,0.215,2.6750000000000003
2022-05-19,2.84,0.215,2.625
2022-05-20,2.78,0.215,2.565
2022-05-23,2.86,0.215,2.645
2022-05-24,2.76,0.215,2.545
2022-05-25,2.75,0.215,2.535
2022-05-26,2.75,0.215,2.535
2022-05-27,2.74,0.215,2.5250000000000004
2022-05-31,2.85,0.215,2.6350000000000002
2022-06-01,2.94,0.225,2.715
2022-06-02,2.92,0.225,2.695
2022-06-03,2.96,0.225,2.735
2022-06-06,3.04,0.225,2.815
2022-06-07,2.98,0.225,2.755
2022-06-08,3.03,0.225,2.8049999999999997
2022-06-09,3.04,0.225,2.815
2022-06-10,3.15,0.225,2.925
2022-06-13,3.43,0.225,3.205
2022-06-14,3.49,0.225,3.265
2022-06-15,3.33,0.225,3.105
2022-06-16,3.28,0.225,3.0549999999999997
2022-06-17,3.25,0.225,3.025
2022-06-21,3.31,0.225,3.085
2022-06-22,3.16,0.225,2.935
2022-06-23,3.09,0.225,2.8649999999999998
2022-06-24,3.13,0.225,2.905
2022-06-27,3.2,0.225,2.975
2022-06-28,3.2,0.225,2.975
2022-06-29,3.1,0.225,2.875
2022-06-30,2.98,0.225,2.755
2022-07-01,2.88,0.18,2.6999999999999997
2022-07-05,2.82,0.18,2.6399999999999997
2022-07-06,2.93,0.18,2.75
2022-07-07,3.01,0.18,2.8299999999999996
2022-07-08,3.09,0.18,2.9099999999999997
2022-07-11,2.99,0.18,2.81
2022-07-12,2.96,0.18,2.78
2022-07-13,2.91,0.18,2.73
2022-07-14,2.96,0.18,2.78
2022-07-15,2.93,0.18,2.75
2022-07-18,2.96,0.18,2.78
2022-07-19,3.01,0.18,2.8299999999999996
2022-07-20,3.04,0.18,2.86
2022-07-21,2.91,0.18,2.73
2022-07-22,2.77,0.18,2.59
2022-07-25,2.81,0.18,2.63
2022-07-26,2.81,0.18,2.63
2022-07-27,2.78,0.18,2.5999999999999996
2022-07-28,2.68,0.18,2.5
2022-07-29,2.67,0.18,2.4899999999999998
2022-08-01,2.6,0.22,2.38
2022-08-02,2.75,0.22,2.53
2022-08-03,2.73,0.22,2.51
2022-08-04,2.68,0.22,2.46
2022-08-05,2.83,0.22,2.61
2022-08-08,2.77,0.22,2.55
2022-08-09,2.8,0.22,2.5799999999999996
2022-08-10,2.78,0.22,2.5599999999999996
2022-08-11,2.87,0.22,2.65
2022-08-12,2.84,0.22,2.6199999999999997
2022-08-15,2.79,0.22,2.57
2022-08-16,2.82,0.22,2.5999999999999996
2022-08-17,2.89,0.22,2.67
2022-08-18,2.88,0.22,2.6599999999999997
2022-08-19,2.98,0.22,2.76
2022-08-22,3.03,0.22,2.8099999999999996
2022-08-23,3.05,0.22,2.8299999999999996
2022-08-24,3.11,0.22,2.8899999999999997
2022-08-25,3.03,0.22,2.8099999999999996
2022-08-26,3.04,0.22,2.82
2022-08-29,3.12,0.22,2.9
2022-08-30,3.11,0.22,2.8899999999999997
2022-08-31,3.15,0.22,2.9299999999999997
2022-09-01,3.26,0.24,3.0199999999999996
2022-09-02,3.2,0.24,2.96
2022-09-06,3.33,0.24,3.09
2022-09-07,3.27,0.24,3.0300000000000002
2022-09-08,3.29,0.24,3.05
2022-09-09,3.33,0.24,3.09
2022-09-12,3.37,0.24,3.13
2022-09-13,3.42,0.24,3.1799999999999997
2022-09-14,3.41,0.24,3.17
2022-09-15,3.45,0.24,3.21
2022-09-16,3.45,0.24,3.21
2022-09-19,3.49,0.24,3.25
2022-09-20,3.57,0.24,3.33
2022-09-21,3.51,0.24,3.2699999999999996
2022-09-22,3.7,0.24,3.46
2022-09-23,3.69,0.24,3.45
2022-09-26,3.88,0.24,3.6399999999999997
2022-09-27,3.97,0.24,3.7300000000000004
2022-09-28,3.72,0.24,3.4800000000000004
2022-09-29,3.76,0.24,3.5199999999999996
2022-09-30,3.83,0.24,3.59
2022-10-03,3.67,0.24,3.4299999999999997
2022-10-04,3.62,0.24,3.38
2022-10-05,3.76,0.24,3.5199999999999996
2022-10-06,3.83,0.24,3.59
2022-10-07,3.89,0.24,3.6500000000000004
2022-10-11,3.93,0.24,3.6900000000000004
2022-10-12,3.91,0.24,3.67
2022-10-13,3.97,0.24,3.7300000000000004
2022-10-14,4.0,0.24,3.76
2022-10-17,4.02,0.24,3.7799999999999994
2022-10-18,4.01,0.24,3.7699999999999996
2022-10-19,4.14,0.24,3.8999999999999995
2022-10-20,4.24,0.24,4.0
2022-10-21,4.21,0.24,3.9699999999999998
2022-10-24,4.25,0.24,4.01
2022-10-25,4.1,0.24,3.8599999999999994
2022-10-26,4.04,0.24,3.8
2022-10-27,3.96,0.24,3.7199999999999998
2022-10-28,4.02,0.24,3.7799999999999994
2022-10-31,4.1,0.24,3.8599999999999994
2022-11-01,4.07,0.25,3.8200000000000003
2022-11-02,4.1,0.25,3.8499999999999996
2022-11-03,4.14,0.25,3.8899999999999997
2022-11-04,4.17,0.25,3.92
2022-11-07,4.22,0.25,3.9699999999999998
2022-11-08,4.14,0.25,3.8899999999999997
2022-11-09,4.12,0.25,3.87
2022-11-10,3.82,0.25,3.57
2022-11-14,3.88,0.25,3.63
2022-11-15,3.8,0.25,3.55
2022-11-16,3.67,0.25,3.42
2022-11-17,3.77,0.25,3.52
2022-11-18,3.82,0.25,3.57
2022-11-21,3.83,0.25,3.58
2022-11-22,3.76,0.25,3.51
2022-11-23,3.71,0.25,3.46
2022-11-25,3.68,0.25,3.43
2022-11-28,3.69,0.25,3.44
2022-11-29,3.75,0.25,3.5
2022-11-30,3.68,0.25,3.43
2022-12-01,3.53,0.41,3.1199999999999997
2022-12-02,3.51,0.41,3.0999999999999996
2022-12-05,3.6,0.41,3.19
2022-12-06,3.51,0.41,3.0999999999999996
2022-12-07,3.42,0.41,3.01
2022-12-08,3.48,0.41,3.07
2022-12-09,3.57,0.41,3.1599999999999997
2022-12-12,3.61,0.41,3.1999999999999997
2022-12-13,3.51,0.41,3.0999999999999996
2022-12-14,3.49,0.41,3.08
2022-12-15,3.44,0.41,3.03
2022-12-16,3.48,0.41,3.07
2022-12-19,3.57,0.41,3.1599999999999997
2022-12-20,3.69,0.41,3.28
2022-12-21,3.68,0.41,3.27
2022-12-22,3.67,0.41,3.26
2022-12-23,3.75,0.41,3.34
2022-12-27,3.84,0.41,3.4299999999999997
2022-12-28,3.88,0.41,3.4699999999999998
2022-12-29,3.83,0.41,3.42
2022-12-30,3.88,0.41,3.4699999999999998
2023-01-03,3.79,0.41,3.38
2023-01-04,3.69,0.41,3.28
2023-01-05,3.71,0.41,3.3
2023-01-06,3.55,0.41,3.1399999999999997
2023-01-09,3.53,0.41,3.1199999999999997
2023-01-10,3.61,0.41,3.1999999999999997
2023-01-11,3.54,0.41,3.13
2023-01-12,3.43,0.41,3.02
2023-01-13,3.49,0.41,3.08
2023-01-17,3.53,0.41,3.1199999999999997
2023-01-18,3.37,0.41,2.96
2023-01-19,3.39,0.41,2.98
2023-01-20,3.48,0.41,3.07
2023-01-23,3.52,0.41,3.11
2023-01-24,3.46,0.41,3.05
2023-01-25,3.46,0.41,3.05
2023-01-26,3.49,0.41,3.08
2023-01-27,3.52,0.41,3.11
2023-01-30,3.55,0.41,3.1399999999999997
2023-01-31,3.52,0.41,3.11
2023-02-01,3.39,0.5,2.89
2023-02-02,3.4,0.5,2.9
2023-02-03,3.53,0.5,3.03
2023-02-06,3.63,0.5,3.13
2023-02-07,3.67,0.5,3.17
2023-02-08,3.63,0.5,3.13
2023-02-09,3.67,0.5,3.17
2023-02-10,3.74,0.5,3.24
2023-02-13,3.72,0.5,3.22
2023-02-14,3.77,0.5,3.27
2023-02-15,3.81,0.5,3.31
2023-02-16,3.86,0.5,3.36
2023-02-17,3.82,0.5,3.32
2023-02-21,3.95,0.5,3.45
2023-02-22,3.93,0.5,3.43
2023-02-23,3.88,0.5,3.38
2023-02-24,3.95,0.5,3.45
2023-02-27,3.92,0.5,3.42
2023-02-28,3.92,0.5,3.42
2023-03-01,4.01,0.32,3.69
2023-03-02,4.08,0.32,3.7600000000000002
2023-03-03,3.97,0.32,3.6500000000000004
2023-03-06,3.98,0.32,3.66
2023-03-07,3.97,0.32,3.6500000000000004
2023-03-08,3.98,0.32,3.66
2023-03-09,3.93,0.32,3.6100000000000003
2023-03-10,3.7,0.32,3.3800000000000003
2023-03-13,3.55,0.32,3.23
2023-03-14,3.64,0.32,3.3200000000000003
2023-03-15,3.51,0.32,3.19
2023-03-16,3.56,0.32,3.24
2023-03-17,3.39,0.32,3.0700000000000003
2023-03-20,3.47,0.32,3.1500000000000004
2023-03-21,3.59,0.32,3.27
2023-03-22,3.48,0.32,3.16
2023-03-23,3.38,0.32,3.06
2023-03-24,3.38,0.32,3.06
2023-03-27,3.53,0.32,3.21
2023-03-28,3.55,0.32,3.23
2023-03-29,3.57,0.32,3.25
2023-03-30,3.55,0.32,3.23
2023-03-31,3.48,0.32,3.16
2023-04-03,3.43,0.32,3.1100000000000003
2023-04-04,3.35,0.32,3.0300000000000002
2023-04-05,3.3,0.32,2.98
2023-04-06,3.3,0.32,2.98
2023-04-07,3.39,0.32,3.0700000000000003
2023-04-10,3.41,0.32,3.0900000000000003
2023-04-11,3.43,0.32,3.1100000000000003
2023-04-12,3.41,0.32,3.0900000000000003
2023-04-13,3.45,0.32,3.1300000000000003
2023-04-14,3.52,0.32,3.2
2023-04-17,3.6,0.32,3.2800000000000002
2023-04-18,3.58,0.32,3.2600000000000002
2023-04-19,3.6,0.32,3.2800000000000002
2023-04-20,3.54,0.32,3.22
2023-04-21,3.57,0.32,3.25
2023-04-24,3.52,0.32,3.2
2023-04-25,3.4,0.32,3.08
2023-04-26,3.43,0.32,3.1100000000000003
2023-04-27,3.53,0.32,3.21
2023-04-28,3.44,0.32,3.12
2023-05-01,3.59,0.43,3.1599999999999997
2023-05-02,3.44,0.43,3.01
2023-05-03,3.38,0.43,2.9499999999999997
2023-05-04,3.37,0.43,2.94
2023-05-05,3.44,0.43,3.01
2023-05-08,3.52,0.43,3.09
2023-05-09,3.53,0.43,3.0999999999999996
2023-05-10,3.43,0.43,3.0
2023-05-11,3.39,0.43,2.96
2023-05-12,3.46,0.43,3.03
2023-05-15,3.5,0.43,3.07
2023-05-16,3.54,0.43,3.11
2023-05-17,3.57,0.43,3.1399999999999997
2023-05-18,3.65,0.43,3.2199999999999998
2023-05-19,3.7,0.43,3.27
2023-05-22,3.72,0.43,3.29
2023-05-23,3.7,0.43,3.27
2023-05-24,3.73,0.43,3.3
2023-05-25,3.83,0.43,3.4
2023-05-26,3.8,0.43,3.3699999999999997
2023-05-30,3.69,0.43,3.26
2023-05-31,3.64,0.43,3.21
2023-06-01,3.61,0.395,3.215
2023-06-02,3.69,0.395,3.295
2023-06-05,3.69,0.395,3.295
2023-06-06,3.7,0.395,3.305
2023-06-07,3.79,0.395,3.395
2023-06-08,3.73,0.395,3.335
2023-06-09,3.75,0.395,3.355
2023-06-12,3.73,0.395,3.335
2023-06-13,3.84,0.395,3.445
2023-06-14,3.83,0.395,3.435
2023-06-15,3.72,0.395,3.325
2023-06-16,3.77,0.395,3.375
2023-06-20,3.74,0.395,3.345
2023-06-21,3.72,0.395,3.325
2023-06-22,3.8,0.395,3.405
2023-06-23,3.74,0.395,3.345
2023-06-26,3.72,0.395,3.325
2023-06-27,3.77,0.395,3.375
2023-06-28,3.71,0.395,3.315
2023-06-29,3.85,0.395,3.455
2023-06-30,3.81,0.395,3.415
2023-07-03,3.86,0.395,3.465
2023-07-05,3.95,0.395,3.555
2023-07-06,4.05,0.395,3.655
2023-07-07,4.06,0.395,3.6649999999999996
2023-07-10,4.01,0.395,3.6149999999999998
2023-07-11,3.99,0.395,3.595
2023-07-12,3.86,0.395,3.465
2023-07-13,3.76,0.395,3.3649999999999998
2023-07-14,3.83,0.395,3.435
2023-07-17,3.81,0.395,3.415
2023-07-18,3.8,0.395,3.405
2023-07-19,3.75,0.395,3.355
2023-07-20,3.85,0.395,3.455
2023-07-21,3.84,0.395,3.445
2023-07-24,3.86,0.395,3.465
2023-07-25,3.91,0.395,3.515
2023-07-26,3.86,0.395,3.465
2023-07-27,4.01,0.395,3.6149999999999998
2023-07-28,3.96,0.395,3.565
2023-07-31,3.97,0.395,3.575
2023-08-01,4.05,0.64,3.4099999999999997
2023-08-02,4.08,0.64,3.44
2023-08-03,4.2,0.64,3.56
2023-08-04,4.05,0.64,3.4099999999999997
2023-08-07,4.09,0.64,3.4499999999999997
2023-08-08,4.02,0.64,3.3799999999999994
2023-08-09,4.0,0.64,3.36
2023-08-10,4.09,0.64,3.4499999999999997
2023-08-11,4.16,0.64,3.52
2023-08-14,4.19,0.64,3.5500000000000003
2023-08-15,4.21,0.64,3.57
2023-08-16,4.28,0.64,3.64
2023-08-17,4.3,0.64,3.6599999999999997
2023-08-18,4.26,0.64,3.6199999999999997
2023-08-21,4.34,0.64,3.6999999999999997
2023-08-22,4.34,0.64,3.6999999999999997
2023-08-23,4.19,0.64,3.5500000000000003
2023-08-24,4.23,0.64,3.5900000000000003
2023-08-25,4.25,0.64,3.61
2023-08-28,4.2,0.64,3.56
2023-08-29,4.12,0.64,3.48
2023-08-30,4.12,0.64,3.48
2023-08-31,4.09,0.64,3.4499999999999997
2023-09-01,4.18,0.765,3.4149999999999996
2023-09-05,4.27,0.765,3.5049999999999994
2023-09-06,4.3,0.765,3.5349999999999997
2023-09-07,4.27,0.765,3.5049999999999994
2023-09-08,4.26,0.765,3.4949999999999997
2023-09-11,4.29,0.765,3.525
2023-09-12,4.27,0.765,3.5049999999999994
2023-09-13,4.25,0.765,3.485
2023-09-14,4.29,0.765,3.525
2023-09-15,4.33,0.765,3.565
2023-09-18,4.32,0.765,3.555
2023-09-19,4.37,0.765,3.605
2023-09-20,4.35,0.765,3.5849999999999995
2023-09-21,4.49,0.765,3.725
2023-09-22,4.44,0.765,3.6750000000000003
2023-09-25,4.55,0.765,3.7849999999999997
2023-09-26,4.56,0.765,3.7949999999999995
2023-09-27,4.61,0.765,3.845
2023-09-28,4.59,0.765,3.8249999999999997
2023-09-29,4.59,0.765,3.8249999999999997
2023-10-02,4.69,0.765,3.9250000000000003
2023-10-03,4.81,0.765,4.045
2023-10-04,4.73,0.765,3.9650000000000003
2023-10-05,4.72,0.765,3.9549999999999996
2023-10-06,4.78,0.765,4.015000000000001
2023-10-10,4.66,0.765,3.895
2023-10-11,4.58,0.765,3.815
2023-10-12,4.7,0.765,3.935
2023-10-13,4.63,0.765,3.8649999999999998
2023-10-16,4.71,0.765,3.945
2023-10-17,4.83,0.765,4.065
2023-10-18,4.91,0.765,4.1450000000000005
2023-10-19,4.98,0.765,4.215000000000001
2023-10-20,4.93,0.765,4.165
2023-10-23,4.86,0.765,4.095000000000001
2023-10-24,4.83,0.765,4.065
2023-10-25,4.95,0.765,4.1850000000000005
2023-10-26,4.86,0.765,4.095000000000001
2023-10-27,4.84,0.765,4.075
2023-10-30,4.88,0.765,4.115
2023-10-31,4.88,0.765,4.115
2023-11-01,4.77,0.66,4.109999999999999
2023-11-02,4.67,0.66,4.01
2023-11-03,4.57,0.66,3.91
2023-11-06,4.67,0.66,4.01
2023-11-07,4.58,0.66,3.92
2023-11-08,4.49,0.66,3.83
2023-11-09,4.62,0.66,3.96
2023-11-10,4.61,0.66,3.95
2023-11-13,4.63,0.66,3.9699999999999998
2023-11-14,4.44,0.66,3.7800000000000002
2023-11-15,4.53,0.66,3.87
2023-11-16,4.45,0.66,3.79
2023-11-17,4.44,0.66,3.7800000000000002
2023-11-20,4.42,0.66,3.76
2023-11-21,4.41,0.66,3.75
2023-11-22,4.42,0.66,3.76
2023-11-24,4.47,0.66,3.8099999999999996
2023-11-27,4.39,0.66,3.7299999999999995
2023-11-28,4.34,0.66,3.6799999999999997
2023-11-29,4.27,0.66,3.6099999999999994
2023-11-30,4.37,0.66,3.71
2023-12-01,4.22,0.62,3.5999999999999996
2023-12-04,4.28,0.62,3.66
2023-12-05,4.18,0.62,3.5599999999999996
2023-12-06,4.12,0.62,3.5
2023-12-07,4.14,0.62,3.5199999999999996
2023-12-08,4.23,0.62,3.6100000000000003
2023-12-11,4.23,0.62,3.6100000000000003
2023-12-12,4.2,0.62,3.58
2023-12-13,4.04,0.62,3.42
2023-12-14,3.92,0.62,3.3
2023-12-15,3.91,0.62,3.29
2023-12-18,3.95,0.62,3.33
2023-12-19,3.93,0.62,3.31
2023-12-20,3.86,0.62,3.2399999999999998
2023-12-21,3.89,0.62,3.27
2023-12-22,3.9,0.62,3.28
2023-12-26,3.89,0.62,3.27
2023-12-27,3.79,0.62,3.17
2023-12-28,3.84,0.62,3.2199999999999998
2023-12-29,3.88,0.62,3.26
2024-01-02,3.95,0.62,3.33
2024-01-03,3.91,0.62,3.29
2024-01-04,3.99,0.62,3.37
2024-01-05,4.05,0.62,3.4299999999999997
2024-01-08,4.01,0.62,3.3899999999999997
2024-01-09,4.02,0.62,3.3999999999999995
2024-01-10,4.04,0.62,3.42
2024-01-11,3.98,0.62,3.36
2024-01-12,3.96,0.62,3.34
2024-01-16,4.07,0.62,3.45
2024-01-17,4.1,0.62,3.4799999999999995
2024-01-18,4.14,0.62,3.5199999999999996
2024-01-19,4.15,0.62,3.5300000000000002
2024-01-22,4.11,0.62,3.49
2024-01-23,4.14,0.62,3.5199999999999996
2024-01-24,4.18,0.62,3.5599999999999996
2024-01-25,4.14,0.62,3.5199999999999996
2024-01-26,4.15,0.62,3.5300000000000002
2024-01-29,4.08,0.62,3.46
2024-01-30,4.06,0.62,3.4399999999999995
2024-01-31,3.99,0.62,3.37
2024-02-01,3.87,0.71,3.16
2024-02-02,4.03,0.71,3.3200000000000003
2024-02-05,4.17,0.71,3.46
2024-02-06,4.09,0.71,3.38
2024-02-07,4.09,0.71,3.38
2024-02-08,4.15,0.71,3.4400000000000004
2024-02-09,4.17,0.71,3.46
2024-02-12,4.17,0.71,3.46
2024-02-13,4.31,0.71,3.5999999999999996
2024-02-14,4.27,0.71,3.5599999999999996
2024-02-15,4.24,0.71,3.5300000000000002
2024-02-16,4.3,0.71,3.59
2024-02-20,4.27,0.71,3.5599999999999996
2024-02-21,4.32,0.71,3.6100000000000003
2024-02-22,4.33,0.71,3.62
2024-02-23,4.26,0.71,3.55
2024-02-26,4.28,0.71,3.5700000000000003
2024-02-27,4.31,0.71,3.5999999999999996
2024-02-28,4.27,0.71,3.5599999999999996
2024-02-29,4.25,0.71,3.54
2024-03-01,4.19,0.725,3.4650000000000003
2024-03-04,4.22,0.725,3.4949999999999997
2024-03-05,4.13,0.725,3.405
2024-03-06,4.11,0.725,3.3850000000000002
2024-03-07,4.09,0.725,3.3649999999999998
2024-03-08,4.09,0.725,3.3649999999999998
2024-03-11,4.1,0.725,3.3749999999999996
2024-03-12,4.16,0.725,3.435
2024-03-13,4.19,0.725,3.4650000000000003
2024-03-14,4.29,0.725,3.565
2024-03-15,4.31,0.725,3.5849999999999995
2024-03-18,4.34,0.725,3.6149999999999998
2024-03-19,4.3,0.725,3.5749999999999997
2024-03-20,4.27,0.725,3.5449999999999995
2024-03-21,4.27,0.725,3.5449999999999995
2024-03-22,4.22,0.725,3.4949999999999997
2024-03-25,4.25,0.725,3.525
2024-03-26,4.24,0.725,3.515
2024-03-27,4.2,0.725,3.475
2024-03-28,4.2,0.725,3.475
2024-04-01,4.33,0.87,3.46
2024-04-02,4.36,0.87,3.49
2024-04-03,4.36,0.87,3.49
2024-04-04,4.31,0.87,3.4399999999999995
2024-04-05,4.39,0.87,3.5199999999999996
2024-04-08,4.42,0.87,3.55
2024-04-09,4.36,0.87,3.49
2024-04-10,4.55,0.87,3.6799999999999997
2024-04-11,4.56,0.87,3.6899999999999995
2024-04-12,4.5,0.87,3.63
2024-04-15,4.63,0.87,3.76
2024-04-16,4.67,0.87,3.8
2024-04-17,4.59,0.87,3.7199999999999998
2024-04-18,4.64,0.87,3.7699999999999996
2024-04-19,4.62,0.87,3.75
2024-04-22,4.62,0.87,3.75
2024-04-23,4.61,0.87,3.74
2024-04-24,4.65,0.87,3.7800000000000002
2024-04-25,4.7,0.87,3.83
2024-04-26,4.67,0.87,3.8
2024-04-29,4.63,0.87,3.76
2024-04-30,4.69,0.87,3.8200000000000003
2024-05-01,4.63,1.07,3.5599999999999996
2024-05-02,4.58,1.07,3.51
2024-05-03,4.5,1.07,3.4299999999999997
2024-05-06,4.49,1.07,3.42
2024-05-07,4.47,1.07,3.3999999999999995
2024-05-08,4.48,1.07,3.41
2024-05-09,4.45,1.07,3.38
2024-05-10,4.5,1.07,3.4299999999999997
2024-05-13,4.48,1.07,3.41
2024-05-14,4.45,1.07,3.38
2024-05-15,4.36,1.07,3.29
2024-05-16,4.38,1.07,3.3099999999999996
2024-05-17,4.42,1.07,3.3499999999999996
2024-05-20,4.44,1.07,3.37
2024-05-21,4.41,1.07,3.34
2024-05-22,4.43,1.07,3.3599999999999994
2024-05-23,4.47,1.07,3.3999999999999995
2024-05-24,4.46,1.07,3.3899999999999997
2024-05-28,4.54,1.07,3.4699999999999998
2024-05-29,4.61,1.07,3.54
2024-05-30,4.55,1.07,3.4799999999999995
2024-05-31,4.51,1.07,3.4399999999999995
2024-06-03,4.41,1.07,3.34
2024-06-04,4.33,1.07,3.26
2024-06-05,4.29,1.07,3.2199999999999998
2024-06-06,4.28,1.07,3.21
2024-06-07,4.43,1.07,3.3599999999999994
2024-06-10,4.47,1.07,3.3999999999999995
2024-06-11,4.39,1.07,3.3199999999999994
2024-06-12,4.31,1.07,3.2399999999999993
2024-06-13,4.24,1.07,3.17
2024-06-14,4.2,1.07,3.13
2024-06-17,4.28,1.07,3.21
2024-06-18,4.22,1.07,3.1499999999999995
2024-06-20,4.25,1.07,3.1799999999999997
2024-06-21,4.25,1.07,3.1799999999999997
2024-06-24,4.25,1.07,3.1799999999999997
2024-06-25,4.23,1.07,3.16
2024-06-26,4.32,1.07,3.25
2024-06-27,4.29,1.07,3.2199999999999998
2024-06-28,4.36,1.07,3.29
2024-07-01,4.48,1.045,3.4350000000000005
2024-07-02,4.43,1.045,3.385
2024-07-03,4.36,1.045,3.3150000000000004
2024-07-05,4.28,1.045,3.2350000000000003
2024-07-08,4.28,1.045,3.2350000000000003
2024-07-09,4.3,1.045,3.255
2024-07-10,4.28,1.045,3.2350000000000003
2024-07-11,4.2,1.045,3.1550000000000002
2024-07-12,4.18,1.045,3.135
2024-07-15,4.23,1.045,3.1850000000000005
2024-07-16,4.17,1.045,3.125
2024-07-17,4.16,1.045,3.115
2024-07-18,4.2,1.045,3.1550000000000002
2024-07-19,4.25,1.045,3.205
2024-07-22,4.26,1.045,3.215
2024-07-23,4.25,1.045,3.205
2024-07-24,4.28,1.045,3.2350000000000003
2024-07-25,4.27,1.045,3.2249999999999996
2024-07-26,4.2,1.045,3.1550000000000002
2024-07-29,4.17,1.045,3.125
2024-07-30,4.15,1.045,3.1050000000000004
2024-07-31,4.09,1.045,3.045
2024-08-01,3.99,0.89,3.1
2024-08-02,3.8,0.89,2.9099999999999997
2024-08-05,3.78,0.89,2.8899999999999997
2024-08-06,3.9,0.89,3.01
2024-08-07,3.96,0.89,3.07
2024-08-08,3.99,0.89,3.1
2024-08-09,3.94,0.89,3.05
2024-08-12,3.9,0.89,3.01
2024-08-13,3.85,0.89,2.96
2024-08-14,3.83,0.89,2.94
2024-08-15,3.92,0.89,3.03
2024-08-16,3.89,0.89,3.0
2024-08-19,3.86,0.89,2.9699999999999998
2024-08-20,3.82,0.89,2.9299999999999997
2024-08-21,3.79,0.89,2.9
2024-08-22,3.86,0.89,2.9699999999999998
2024-08-23,3.81,0.89,2.92
2024-08-26,3.82,0.89,2.9299999999999997
2024-08-27,3.83,0.89,2.94
2024-08-28,3.84,0.89,2.9499999999999997
2024-08-29,3.87,0.89,2.98
2024-08-30,3.91,0.89,3.02
2024-09-03,3.84,0.89,2.9499999999999997
2024-09-04,3.77,0.89,2.88
2024-09-05,3.73,0.89,2.84
2024-09-06,3.72,0.89,2.83
2024-09-09,3.7,0.89,2.81
2024-09-10,3.65,0.89,2.76
2024-09-11,3.65,0.89,2.76
2024-09-12,3.68,0.89,2.79
2024-09-13,3.66,0.89,2.77
2024-09-16,3.63,0.89,2.7399999999999998
2024-09-17,3.65,0.89,2.76
2024-09-18,3.7,0.89,2.81
2024-09-19,3.73,0.89,2.84
2024-09-20,3.73,0.89,2.84
2024-09-23,3.75,0.89,2.86
2024-09-24,3.74,0.89,2.85
2024-09-25,3.79,0.89,2.9
2024-09-26,3.79,0.89,2.9
2024-09-27,3.75,0.89,2.86
2024-09-30,3.81,0.89,2.92
2024-10-01,3.74,0.935,2.805
2024-10-02,3.79,0.935,2.855
2024-10-03,3.85,0.935,2.915
2024-10-04,3.98,0.935,3.045
2024-10-07,4.03,0.935,3.095
2024-10-08,4.04,0.935,3.105
2024-10-09,4.06,0.935,3.1249999999999996
2024-10-10,4.09,0.935,3.155
2024-10-11,4.08,0.935,3.145
2024-10-15,4.03,0.935,3.095
2024-10-16,4.02,0.935,3.0849999999999995
2024-10-17,4.09,0.935,3.155
2024-10-18,4.08,0.935,3.145
2024-10-21,4.19,0.935,3.2550000000000003
2024-10-22,4.2,0.935,3.265
2024-10-23,4.24,0.935,3.305
2024-10-24,4.21,0.935,3.275
2024-10-25,4.25,0.935,3.315
2024-10-28,4.28,0.935,3.345
2024-10-29,4.28,0.935,3.345
2024-10-30,4.29,0.935,3.355
2024-10-31,4.28,0.935,3.345
2024-11-01,4.37,1.05,3.3200000000000003
2024-11-04,4.31,1.05,3.26
2024-11-05,4.26,1.05,3.21
2024-11-06,4.42,1.05,3.37
2024-11-07,4.31,1.05,3.26
2024-11-08,4.3,1.05,3.25
2024-11-12,4.43,1.05,3.38
2024-11-13,4.44,1.05,3.3900000000000006
2024-11-14,4.43,1.05,3.38
2024-11-15,4.43,1.05,3.38
2024-11-18,4.42,1.05,3.37
2024-11-19,4.39,1.05,3.34
2024-11-20,4.41,1.05,3.3600000000000003
2024-11-21,4.43,1.05,3.38
2024-11-22,4.41,1.05,3.3600000000000003
2024-11-25,4.27,1.05,3.2199999999999998
2024-11-26,4.3,1.05,3.25
2024-11-27,4.25,1.05,3.2
2024-11-29,4.18,1.05,3.13
2024-12-02,4.19,1.05,3.1400000000000006
2024-12-03,4.23,1.05,3.1800000000000006
2024-12-04,4.19,1.05,3.1400000000000006
2024-12-05,4.17,1.05,3.12
2024-12-06,4.15,1.05,3.1000000000000005
2024-12-09,4.2,1.05,3.1500000000000004
2024-12-10,4.22,1.05,3.17
2024-12-11,4.26,1.05,3.21
2024-12-12,4.32,1.05,3.2700000000000005
2024-12-13,4.4,1.05,3.3500000000000005
2024-12-16,4.39,1.05,3.34
2024-12-17,4.4,1.05,3.3500000000000005
2024-12-18,4.5,1.05,3.45
2024-12-19,4.57,1.05,3.5200000000000005
2024-12-20,4.52,1.05,3.4699999999999998
2024-12-23,4.59,1.05,3.54
2024-12-24,4.59,1.05,3.54
2024-12-26,4.58,1.05,3.5300000000000002
2024-12-27,4.62,1.05,3.5700000000000003
2024-12-30,4.55,1.05,3.5
2024-12-31,4.58,1.05,3.5300000000000002
2025-01-02,4.57,1.05,3.5200000000000005
2025-01-03,4.6,1.05,3.55
2025-01-06,4.62,1.05,3.5700000000000003
2025-01-07,4.67,1.05,3.62
2025-01-08,4.67,1.05,3.62
2025-01-09,4.68,1.05,3.63
2025-01-10,4.77,1.05,3.7199999999999998
2025-01-13,4.79,1.05,3.74
2025-01-14,4.78,1.05,3.7300000000000004
2025-01-15,4.66,1.05,3.6100000000000003
2025-01-16,4.61,1.05,3.5600000000000005
2025-01-17,4.61,1.05,3.5600000000000005
2025-01-21,4.57,1.05,3.5200000000000005
2025-01-22,4.6,1.05,3.55
2025-01-23,4.65,1.05,3.6000000000000005
2025-01-24,4.63,1.05,3.58
2025-01-27,4.53,1.05,3.4800000000000004
2025-01-28,4.55,1.05,3.5
2025-01-29,4.55,1.05,3.5
2025-01-30,4.52,1.05,3.4699999999999998
2025-01-31,4.58,1.05,3.5300000000000002
2025-02-03,4.54,1.05,3.49
2025-02-04,4.52,1.05,3.4699999999999998
2025-02-05,4.43,1.05,3.38
2025-02-06,4.45,1.05,3.4000000000000004
2025-02-07,4.49,1.05,3.4400000000000004
2025-02-10,4.51,1.05,3.46
2025-02-11,4.54,1.05,3.49
2025-02-12,4.62,1.05,3.5700000000000003
2025-02-13,4.52,1.05,3.4699999999999998
2025-02-14,4.47,1.05,3.42
2025-02-18,4.55,1.05,3.5
2025-02-19,4.53,1.05,3.4800000000000004
2025-02-20,4.5,1.05,3.45
2025-02-21,4.42,1.05,3.37
2025-02-24,4.4,1.05,3.3500000000000005
2025-02-25,4.3,1.05,3.25
2025-02-26,4.25,1.05,3.2
2025-02-27,4.29,1.05,3.24
2025-02-28,4.24,1.05,3.1900000000000004
2025-03-03,4.16,1.05,3.1100000000000003
2025-03-04,4.22,1.05,3.17
2025-03-05,4.28,1.05,3.2300000000000004
2025-03-06,4.29,1.05,3.24
2025-03-07,4.32,1.05,3.2700000000000005
2025-03-10,4.22,1.05,3.17
2025-03-11,4.28,1.05,3.2300000000000004
2025-03-12,4.32,1.05,3.2700000000000005
2025-03-13,4.27,1.05,3.2199999999999998
2025-03-14,4.31,1.05,3.26
2025-03-17,4.31,1.05,3.26
2025-03-18,4.29,1.05,3.24
2025-03-19,4.25,1.05,3.2
2025-03-20,4.24,1.05,3.1900000000000004
2025-03-21,4.25,1.05,3.2
2025-03-24,4.34,1.05,3.29
2025-03-25,4.31,1.05,3.26
2025-03-26,4.35,1.05,3.3
2025-03-27,4.38,1.05,3.33
2025-03-28,4.27,1.05,3.2199999999999998
2025-03-31,4.23,1.05,3.1800000000000006
2025-04-01,4.17,1.31,2.86
2025-04-02,4.2,1.31,2.89
2025-04-03,4.06,1.31,2.7499999999999996
2025-04-04,4.01,1.31,2.6999999999999997
2025-04-07,4.15,1.31,2.8400000000000003
2025-04-08,4.26,1.31,2.9499999999999997
2025-04-09,4.34,1.31,3.03
2025-04-10,4.4,1.31,3.0900000000000003
2025-04-11,4.48,1.31,3.1700000000000004
2025-04-14,4.38,1.31,3.07
2025-04-15,4.35,1.31,3.0399999999999996
2025-04-16,4.29,1.31,2.98
2025-04-17,4.34,1.31,3.03
2025-04-21,4.42,1.31,3.11
2025-04-22,4.41,1.31,3.1
2025-04-23,4.4,1.31,3.0900000000000003
2025-04-24,4.32,1.31,3.0100000000000002
2025-04-25,4.29,1.31,2.98
2025-04-28,4.23,1.31,2.9200000000000004
2025-04-29,4.19,1.31,2.8800000000000003
2025-04-30,4.17,1.31,2.86
2025-05-01,4.25,1.5,2.75
2025-05-02,4.33,1.5,2.83
2025-05-05,4.36,1.5,2.8600000000000003
2025-05-06,4.3,1.5,2.8
2025-05-07,4.26,1.5,2.76
2025-05-08,4.37,1.5,2.87
2025-05-09,4.37,1.5,2.87
2025-05-12,4.45,1.5,2.95
2025-05-13,4.49,1.5,2.99
2025-05-14,4.53,1.5,3.0300000000000002
2025-05-15,4.45,1.5,2.95
2025-05-16,4.43,1.5,2.9299999999999997
2025-05-19,4.46,1.5,2.96
2025-05-20,4.48,1.5,2.9800000000000004
2025-05-21,4.58,1.5,3.08
2025-05-22,4.54,1.5,3.04
2025-05-23,4.51,1.5,3.01
2025-05-27,4.43,1.5,2.9299999999999997
2025-05-28,4.47,1.5,2.9699999999999998
2025-05-29,4.43,1.5,2.9299999999999997
2025-05-30,4.41,1.5,2.91
2025-06-02,4.46,1.5,2.96
2025-06-03,4.46,1.5,2.96
2025-06-04,4.37,1.5,2.87
2025-06-05,4.4,1.5,2.9000000000000004
2025-06-06,4.51,1.5,3.01
2025-06-09,4.49,1.5,2.99
2025-06-10,4.47,1.5,2.9699999999999998
2025-06-11,4.41,1.5,2.91
2025-06-12,4.36,1.5,2.8600000000000003
2025-06-13,4.41,1.5,2.91
2025-06-16,4.46,1.5,2.96
2025-06-17,4.39,1.5,2.8899999999999997
2025-06-18,4.38,1.5,2.88
2025-06-20,4.38,1.5,2.88
2025-06-23,4.34,1.5,2.84
2025-06-24,4.3,1.5,2.8
2025-06-25,4.29,1.5,2.79
2025-06-26,4.26,1.5,2.76
2025-06-27,4.29,1.5,2.79
2025-06-30,4.24,1.5,2.74
2025-07-01,4.26,1.545,2.715
2025-07-02,4.3,1.545,2.755
2025-07-03,4.35,1.545,2.8049999999999997
2025-07-07,4.4,1.545,2.8550000000000004
2025-07-08,4.42,1.545,2.875
2025-07-09,4.34,1.545,2.795
2025-07-10,4.35,1.545,2.8049999999999997
2025-07-11,4.43,1.545,2.885
2025-07-14,4.43,1.545,2.885
2025-07-15,4.5,1.545,2.955
2025-07-16,4.46,1.545,2.915
2025-07-17,4.47,1.545,2.925
2025-07-18,4.44,1.545,2.8950000000000005
2025-07-21,4.38,1.545,2.835
2025-07-22,4.35,1.545,2.8049999999999997
2025-07-23,4.4,1.545,2.8550000000000004
2025-07-24,4.43,1.545,2.885
2025-07-25,4.4,1.545,2.8550000000000004
2025-07-28,4.42,1.545,2.875
2025-07-29,4.34,1.545,2.795
2025-07-30,4.38,1.545,2.835
2025-07-31,4.37,1.545,2.825
2025-08-01,4.23,1.6,2.6300000000000003
2025-08-04,4.22,1.6,2.6199999999999997
2025-08-05,4.22,1.6,2.6199999999999997
2025-08-06,4.22,1.6,2.6199999999999997
2025-08-07,4.23,1.6,2.6300000000000003
2025-08-08,4.27,1.6,2.6699999999999995
2025-08-11,4.27,1.6,2.6699999999999995
2025-08-12,4.29,1.6,2.69
2025-08-13,4.24,1.6,2.64
2025-08-14,4.29,1.6,2.69
2025-08-15,4.33,1.6,2.73
2025-08-18,4.34,1.6,2.7399999999999998
2025-08-19,4.3,1.6,2.6999999999999997
2025-08-20,4.29,1.6,2.69
2025-08-21,4.33,1.6,2.73
2025-08-22,4.26,1.6,2.6599999999999997
2025-08-25,4.28,1.6,2.68
2025-08-26,4.26,1.6,2.6599999999999997
2025-08-27,4.24,1.6,2.64
2025-08-28,4.22,1.6,2.6199999999999997
2025-08-29,4.23,1.6,2.6300000000000003
2025-09-02,4.28,1.6,2.68
2025-09-03,4.22,1.6,2.6199999999999997
2025-09-04,4.17,1.6,2.57
2025-09-05,4.1,1.6,2.4999999999999996
2025-09-08,4.05,1.6,2.4499999999999997
2025-09-09,4.08,1.6,2.48
2025-09-10,4.04,1.6,2.44
2025-09-11,4.01,1.6,2.4099999999999997
2025-09-12,4.06,1.6,2.4599999999999995
2025-09-15,4.05,1.6,2.4499999999999997
2025-09-16,4.04,1.6,2.44
2025-09-17,4.06,1.6,2.4599999999999995
2025-09-18,4.11,1.6,2.5100000000000002
2025-09-19,4.14,1.6,2.5399999999999996
2025-09-22,4.15,1.6,2.5500000000000003
2025-09-23,4.12,1.6,2.52
2025-09-24,4.16,1.6,2.56
2025-09-25,4.18,1.6,2.5799999999999996
2025-09-26,4.2,1.6,2.6
2025-09-29,4.15,1.6,2.5500000000000003
2025-09-30,4.16,1.6,2.56
2025-10-01,4.12,1.655,2.465
2025-10-02,4.1,1.655,2.4449999999999994
2025-10-03,4.13,1.655,2.4749999999999996
2025-10-06,4.18,1.655,2.5249999999999995
2025-10-07,4.14,1.655,2.4849999999999994
2025-10-08,4.13,1.655,2.4749999999999996
2025-10-09,4.14,1.655,2.4849999999999994
2025-10-10,4.05,1.655,2.3949999999999996
2025-10-14,4.03,1.655,2.375
2025-10-15,4.05,1.655,2.3949999999999996
2025-10-16,3.99,1.655,2.335
2025-10-17,4.02,1.655,2.3649999999999993
2025-10-20,4.0,1.655,2.3449999999999998
2025-10-21,3.98,1.655,2.325
2025-10-22,3.97,1.655,2.3150000000000004
2025-10-23,4.01,1.655,2.3549999999999995
2025-10-24,4.02,1.655,2.3649999999999993
2025-10-27,4.01,1.655,2.3549999999999995
2025-10-28,3.99,1.655,2.335
2025-10-29,4.08,1.655,2.425
2025-10-30,4.11,1.655,2.455
2025-10-31,4.11,1.655,2.455
2025-11-03,4.13,1.655,2.4749999999999996
2025-11-04,4.1,1.655,2.4449999999999994
2025-11-05,4.17,1.655,2.5149999999999997
2025-11-06,4.11,1.655,2.455
2025-11-07,4.11,1.655,2.455
2025-11-10,4.13,1.655,2.4749999999999996
2025-11-12,4.08,1.655,2.425
2025-11-13,4.11,1.655,2.455
2025-11-14,4.14,1.655,2.4849999999999994
2025-11-17,4.13,1.655,2.4749999999999996
2025-11-18,4.12,1.655,2.465
2025-11-19,4.13,1.655,2.4749999999999996
2025-11-20,4.1,1.655,2.4449999999999994
2025-11-21,4.06,1.655,2.4049999999999994
2025-11-24,4.04,1.655,2.385
2025-11-25,4.01,1.655,2.3549999999999995
2025-11-26,4.0,1.655,2.3449999999999998
2025-11-28,4.02,1.655,2.3649999999999993
2025-12-01,4.09,2.06,2.03
2025-12-02,4.09,2.06,2.03
2025-12-03,4.06,2.06,1.9999999999999996
2025-12-04,4.11,2.06,2.0500000000000003
2025-12-05,4.14,2.06,2.0799999999999996
2025-12-08,4.17,2.06,2.11
2025-12-09,4.18,2.06,2.1199999999999997
2025-12-10,4.13,2.06,2.07
2025-12-11,4.14,2.06,2.0799999999999996
2025-12-12,4.19,2.06,2.1300000000000003
2025-12-15,4.18,2.06,2.1199999999999997
2025-12-16,4.15,2.06,2.0900000000000003
2025-12-17,4.16,2.06,2.1
2025-12-18,4.12,2.06,2.06
2025-12-19,4.16,2.06,2.1
2025-12-22,4.17,2.06,2.11
2025-12-23,4.18,2.06,2.1199999999999997
2025-12-24,4.15,2.06,2.0900000000000003
2025-12-26,4.14,2.06,2.0799999999999996
2025-12-29,4.12,2.06,2.06
2025-12-30,4.14,2.06,2.0799999999999996
2025-12-31,4.18,2.06,2.1199999999999997
2026-01-02,4.19,2.06,2.1300000000000003
2026-01-05,4.17,2.06,2.11
2026-01-06,4.18,2.06,2.1199999999999997
2026-01-07,4.15,2.06,2.0900000000000003
2026-01-08,4.19,2.06,2.1300000000000003
2026-01-09,4.18,2.06,2.1199999999999997
2026-01-12,4.19,2.06,2.1300000000000003
2026-01-13,4.18,2.06,2.1199999999999997
2026-01-14,4.15,2.06,2.0900000000000003
2026-01-15,4.17,2.06,2.11
2026-01-16,4.24,2.06,2.18
2026-01-20,4.3,2.06,2.2399999999999998
2026-01-21,4.26,2.06,2.1999999999999997
2026-01-22,4.26,2.06,2.1999999999999997
2026-01-23,4.24,2.06,2.18
2026-01-26,4.22,2.06,2.1599999999999997
2026-01-27,4.24,2.06,2.18
2026-01-28,4.26,2.06,2.1999999999999997
2026-01-29,4.24,2.06,2.18
2026-01-30,4.26,2.06,2.1999999999999997
2026-02-02,4.29,2.06,2.23
2026-02-03,4.28,2.06,2.22
2026-02-04,4.29,2.06,2.23
2026-02-05,4.21,2.06,2.15
2026-02-06,4.22,2.06,2.1599999999999997
2026-02-09,4.22,2.06,2.1599999999999997
2026-02-10,4.16,2.06,2.1
2026-02-11,4.18,2.06,2.1199999999999997
2026-02-12,4.09,2.06,2.03
2026-02-13,4.04,2.06,1.98
2026-02-17,4.05,2.06,1.9899999999999998
2026-02-18,4.09,2.06,2.03
2026-02-19,4.08,2.06,2.02
2026-02-20,4.08,2.06,2.02
2026-02-23,4.03,2.06,1.9700000000000002
2026-02-24,4.04,2.06,1.98
2026-02-25,4.05,2.06,1.9899999999999998
2026-02-26,4.02,2.06,1.9599999999999995
2026-02-27,3.97,2.06,1.9100000000000001
2026-03-02,4.05,2.06,1.9899999999999998
2026-03-03,4.06,2.06,1.9999999999999996
2026-03-04,4.09,2.06,2.03
2026-03-05,4.13,2.06,2.07
2026-03-06,4.15,2.06,2.0900000000000003
2026-03-09,4.12,2.06,2.06
2026-03-10,4.15,2.06,2.0900000000000003
2026-03-11,4.21,2.06,2.15
2026-03-12,4.27,2.06,2.2099999999999995
2026-03-13,4.28,2.06,2.22
2026-03-16,4.23,2.06,2.1700000000000004
2026-03-17,4.2,2.06,2.14
2026-03-18,4.26,2.06,2.1999999999999997
2026-03-19,4.25,2.06,2.19
2026-03-20,4.39,2.06,2.3299999999999996
2026-03-23,4.34,2.06,2.28
2026-03-24,4.39,2.06,2.3299999999999996
